Circuit.cim_lines, {7A208A6B-C550-4CD3-8FC2-5320B14B455C}
Bus.sourcebus, {61621341-A504-40D0-983A-7BC57F83671D}
Bus.b1, {D8FB61EC-F5C1-41C0-9A81-197ED43DC194}
Bus.b2, {10418DF0-8EC0-4E4D-9901-D70CB8EDB60D}
Bus.b3, {84147E41-FBCD-407D-95BD-F84BDCAFC538}
Bus.b4, {552D65B3-4685-4A0D-B862-07271012D8DC}
Bus.b5, {7ED6B3F3-C813-4F84-ADBA-A1B1A88371E6}
Bus.b6, {FC611D4F-39B1-4B6F-8CE0-3BA4286C0E62}
Bus.b7, {7D536474-EFA8-4E4D-A83B-196A75AB6382}
Bus.b8, {D96C69F9-B913-4FB0-A59F-E480BA63EACA}
Bus.b9, {DFC4DBC2-39A0-47E4-ADCB-53B1D1B753DB}
Bus.b10, {5ABF883F-ACBB-4B09-B338-D997F131713D}
Vsource.source, {97C7EC4B-9958-4BC8-ACA2-15C65E994A84}
Line.l_coded_sym, {8E0E6DA1-6391-4DA3-9652-5219E7EC802D}
Line.l_coded_mtx, {0C7D52EB-D37D-46BE-92FA-83F354CE97B3}
Line.l_coded_1ph, {38BBBDD3-9763-46B8-B272-DE974B64A65A}
Line.l_syminline, {8DD88305-3226-42F9-BA36-BD297AB075F3}
Line.l_puz, {38A57383-3B33-47BB-B997-E7962097E878}
Line.l_geom, {733EEEBD-C50B-4BE1-BAD5-92DB4E20961A}
Line.l_spac, {C6A4D971-FF23-4BFD-BFED-BCEF992C4EB1}
Line.l_cn, {54881C68-EB22-4EE1-9986-BD0D4716F96D}
Line.l_ts, {0B2214B7-80BF-468B-AD88-F07F0181E5D6}
Line.l_sw, {AA3C1F22-0879-44C3-8517-DA46233A1E21}
Fuse.fuse1, {09EFF111-E500-42EE-A6AB-D68B6CEE1F44}
Load.load_b3, {1A8C3DD4-488F-41F3-980D-0734FDBF10F3}
Load.load_b5, {00034756-66B2-497F-9EEF-BF03EFB596ED}
Load.load_b9, {7A064AB8-5927-4853-8E82-14FE5B82B822}
Load.load_b10, {A635187C-6033-4E64-97D8-DD4EF53BF05A}
LineCode.lc_sym, {4F5795C1-C3E5-4124-852D-ABDFA68333E4}
LineCode.mtx606, {83584580-A83C-4686-81D7-48DD50D3E7FC}
LineCode.mtx607, {13B2F423-D0FF-40CB-92E5-6514BD0D23A9}
WireData.acsr_556_5, {105DDA17-57A2-4BE3-B8A5-837C2482835F}
WireData.acsr_4_0, {6B2432DE-66E6-4554-A206-BB78EBF0ED3D}
WireData.cu_1_0, {A1BE2CB2-B8FA-437C-A323-674BB2C968B5}
LineGeometry.geo3ph, {35A345EC-74C8-4FFB-A291-37023C6549BC}
LineSpacing.sp500, {86D087EA-A29E-412D-8C9C-9D3A495DAEC2}
LineSpacing.sp515, {7121C053-BB5B-489B-9C99-759725D5F390}
LineSpacing.sp520, {E0D83352-3EF5-4034-9D2F-CD4B55892D94}
TSData.ts_1_0, {8BAF9B58-3863-437D-A242-ADBB625A7BFF}
CNData.cn_250, {137FE22B-9685-4EF0-837E-CCD0B404E728}
Station=Station=1, {AFD5FE90-E6FA-42B7-A6A6-73D8910DFFDF}
GeoRgn=GeoRgn=1, {B83E23F6-0C55-4758-BDE4-C773D13994B3}
SubGeoRgn=SubGeoRgn=1, {BBBFE0F3-0D52-4EAB-8F3D-95C87EEC44F6}
CIMVer=IEC=1, {463430FA-23D5-4EE8-8389-27249FB4333D}
CoordSys=Local=1, {C55831CE-0345-46FA-9CDB-8CE3CEB8FEB6}
FdrLoc=cim_lines=1, {2FCDB12F-5EAD-4032-A9D8-A6AC16F5CD56}
TopoIsland=Island=1, {D9B91E06-7DE6-465F-847F-ED532875854D}
OpLimT=NormalAmps=1, {5FF1A630-9BF8-42DE-88CF-207E49CEB004}
OpLimT=EmergencyAmps=1, {3A626F20-85F5-4528-9153-3BF53693723B}
OpLimT=AHi=1, {41F952B9-E25A-45DE-90F0-D6246382F83B}
OpLimT=ALo=1, {665E897F-1C1A-49AC-A0F1-D22871354A90}
OpLimT=BHi=1, {C362FA44-C1F6-44E6-92F0-AC53A78961C5}
OpLimT=BLo=1, {50D59CAF-4FC3-4C78-868B-98808C07BF17}
BaseV=BaseV_4.1600=1, {6CA8C3B9-E163-4D33-9936-83704DFC7C63}
OpLimV=OpLimV_4.1600=1, {B3B33095-FFDE-466A-8745-A05DB77D7E21}
OpLimAHi=BaseV_4.1600=1, {086DECD5-E691-4773-BB24-E123F61CCCE1}
OpLimALo=BaseV_4.1600=1, {669429B0-3DDA-4279-86FD-D630130CA9CA}
OpLimBHi=BaseV_4.1600=1, {D08131FC-CB3F-4A6D-9FD9-C37AD49BE82E}
OpLimBLo=BaseV_4.1600=1, {555275D9-CEEF-495A-9C32-6E5752CE62D8}
Topo=sourcebus=1, {7BE5EA69-FC6A-4A6F-80A2-DFCB457D5610}
Topo=b1=1, {0E8FF3ED-B343-433D-8559-D2058D39CB22}
Topo=b2=1, {862E8FED-FC5B-41DD-8AF3-692E3687AF20}
Topo=b3=1, {407CE7D2-28C0-41FD-B3E6-F42CC7DB195E}
Topo=b4=1, {A1423E49-9928-4E15-8579-0E4883316904}
Topo=b5=1, {B9D3EAE1-D9A3-4B5C-9040-6E56999F8F87}
Topo=b6=1, {4F15B66E-81CC-4CE8-B7FD-C504B2E189B9}
Topo=b7=1, {8BF780EC-DF60-4D87-A510-A98B29B2D186}
Topo=b8=1, {DA8E4808-FF94-45F3-BF6C-478B824C3D02}
Topo=b9=1, {0E25409C-9533-4EB2-9E0E-1559A4133FAC}
Topo=b10=1, {7D317924-CC5D-4F01-86A8-73F859C3D14A}
SrcLoc=source=1, {7F330A06-C351-4495-9B1C-FE4041D333BA}
25=source=1, {CD012F62-EB62-4BF6-AE0D-B222C7D55470}
PosPt=Vsource.source=1, {AB9DB708-11AF-40B2-A072-1D387FAC517B}
LineLoc=l_coded_sym=1, {0D327B87-47AF-46FE-AF92-33D73C38E6A4}
50=l_coded_sym=1, {0E0EB4AE-3D71-4B9C-AC0C-498306A9BC43}
OpLimI=OpLimI_400.0_600.0=0, {D03CDCE7-6B22-476A-A220-093045413F7D}
50=l_coded_sym=2, {6B25B326-559B-49C0-89BC-0C7082EBCA7B}
PosPt=Line.l_coded_sym=1, {48C4690D-1F9F-4577-A27D-7607B5073D1F}
PosPt=Line.l_coded_sym=2, {DA3B511B-9057-4C00-AF73-67FA09F60E07}
LineLoc=l_coded_mtx=1, {16679188-7784-4F4E-83E1-967F64830FE5}
LinePhase=l_coded_mtx_A=1, {49CD6AC7-6BE7-4444-A40E-E0F5B0E7D433}
LinePhase=l_coded_mtx_B=1, {AD7B3164-DF89-4BE0-BBF9-19875B42AEF0}
LinePhase=l_coded_mtx_C=1, {D903AFB3-18B0-40F6-9A0D-784E7F7470CB}
50=l_coded_mtx=1, {1E396314-D4B8-491B-8119-4034C7D90888}
50=l_coded_mtx=2, {AF61165C-1489-43E5-86EB-436FCB1AB9FC}
PosPt=Line.l_coded_mtx=1, {494344E5-E44D-42F4-80BC-2209DF3C74C2}
PosPt=Line.l_coded_mtx=2, {D37F85CC-76C0-43AE-B195-60C7D41FB641}
LineLoc=l_coded_1ph=1, {6E937D6E-AF1F-4B0D-B5AE-661536FF8292}
LinePhase=l_coded_1ph_A=1, {530A3A8C-CDF1-4088-A50C-A138C20B2D3A}
50=l_coded_1ph=1, {7239F8B7-F8E2-42CB-8C31-99E86571D0DE}
50=l_coded_1ph=2, {16CF514D-4EFB-448A-8810-8B87A74608A7}
PosPt=Line.l_coded_1ph=1, {5228C944-95A5-4D7F-AA57-97C4A196BB24}
PosPt=Line.l_coded_1ph=2, {4A2AEF3B-A4EE-4C47-BFE5-7D7815676B4C}
LineLoc=l_syminline=1, {20C431D1-6F56-4A08-A5AD-40862744FEAD}
50=l_syminline=1, {2BAFBA08-3012-4D2C-8EE8-58767A7B8E46}
50=l_syminline=2, {C403423F-EA03-4668-A4CF-658A44114DCC}
PosPt=Line.l_syminline=1, {2058A4EE-4BE4-4540-A710-38556B3AA89F}
PosPt=Line.l_syminline=2, {6F0AF710-B628-4C81-9251-D01CBF19ECAA}
LineLoc=l_puz=1, {CA75299B-22B9-49BE-9309-4F1A6B9D54AB}
PUZ=l_puz=1, {4B9CDB48-BA3C-423A-8534-42D79A8869E7}
LinePhase=l_puz_A=1, {027958AF-F46D-4956-BC51-7D57BDB51ECF}
LinePhase=l_puz_B=1, {EC4F2A63-50AE-438D-81F8-AA9C0FD962F1}
ZData=l_puz_PUZ=1, {EBE72AF6-0D9E-437B-B42B-C5BCF69440F6}
ZData=l_puz_PUZ=2, {14553D45-2AB8-4E8E-A388-67960B146E23}
ZData=l_puz_PUZ=3, {E9364DB7-30DC-4AE5-B0EC-B01A69896D56}
50=l_puz=1, {6658473F-6B89-44B7-A8C9-3FD271ACB415}
50=l_puz=2, {F4CBA2B7-B9F6-456D-A029-A5AA3504FF5B}
PosPt=Line.l_puz=1, {3E8B01A0-CDEA-4F63-8C77-0CFE917A016B}
PosPt=Line.l_puz=2, {CAD1381E-B484-48C5-8701-31D7B1980061}
LineLoc=l_geom=1, {F862A22F-8BC3-456D-9A09-E70B76FF5876}
LinePhase=l_geom_A=1, {C6E4D612-5F8F-44C6-BAD4-A3C3A91AA6F2}
LinePhase=l_geom_B=1, {06EC7CDD-AADB-49ED-BFF3-3F1B682F0770}
LinePhase=l_geom_C=1, {3716EA91-9822-4D94-8FAD-E474A72E0A35}
LinePhase=l_geom_N=1, {96B1612C-D3DD-425A-B275-BCBE84F7AA51}
50=l_geom=1, {F2AD002D-3AD0-477A-A2CE-FF2019649908}
50=l_geom=2, {8B831A4D-0C83-4025-B639-186B5DE7D4E9}
PosPt=Line.l_geom=1, {C2A42911-78CF-41AD-9E04-9A66D60D8525}
PosPt=Line.l_geom=2, {D6310ED1-D63A-4898-B748-7C3B18B8D295}
LineLoc=l_spac=1, {DD2F19FB-E3AB-4425-9A04-FEA55230B9DF}
LinePhase=l_spac_A=1, {4069AEA1-314E-4CF7-BEDF-D279A847EEE5}
LinePhase=l_spac_B=1, {DD636A26-E571-439D-95CE-B8F7EE91E130}
LinePhase=l_spac_C=1, {80C8FC37-DA84-4EA3-ABCB-5C39E98DD6A2}
LinePhase=l_spac_N=1, {16E51864-3F1B-4B0C-93A1-4F93F9385795}
50=l_spac=1, {A795ADE5-BFBD-4D6A-B872-C72027515E97}
50=l_spac=2, {BC102E16-70E9-40EE-A8AB-4DE1FB990486}
PosPt=Line.l_spac=1, {51BA525D-6CC5-4798-AEC2-6BE63CA21E88}
PosPt=Line.l_spac=2, {7A5488C7-023A-4173-87D8-A77626F2384D}
LineLoc=l_cn=1, {EAC61719-C7CE-4F37-A63A-C10C372B30B8}
LinePhase=l_cn_A=1, {78DFB5C4-2D3E-4CD4-937E-9BFEF1530B63}
LinePhase=l_cn_B=1, {7791F33F-0D87-4D42-9FE0-3A4E3380FF22}
LinePhase=l_cn_C=1, {D9A52250-4B65-4580-8424-3F4E93E34767}
50=l_cn=1, {FFDE7C9E-A79A-4BB5-BF4A-B1649A8F1D5B}
OpLimI=OpLimI_260.0_390.0=0, {BBA2121F-5E89-4BF0-85F6-6950EB967053}
50=l_cn=2, {E0E75A9F-7BC0-4E32-BBB0-31B97FE4608F}
PosPt=Line.l_cn=1, {0B88AE23-448B-476C-8A90-FF910317F4CD}
PosPt=Line.l_cn=2, {EBB63272-384A-4B39-9809-D980E1F31D0C}
LineLoc=l_ts=1, {9F0BE306-4204-4D51-9AF7-2D3B0FEA2352}
LinePhase=l_ts_A=1, {14ADCD51-D3AA-4970-B5FF-6755D6E1B0CD}
LinePhase=l_ts_N=1, {750B7918-CB37-48D6-AD51-8FF893E2D24D}
50=l_ts=1, {7B878B13-81DB-41B7-B077-FD852073F3E8}
OpLimI=OpLimI_165.0_247.5=0, {15372D4C-6897-4282-B0FA-F93F0FAE0CD3}
50=l_ts=2, {2938EFB9-5FBC-462D-BA45-A086F09B1474}
PosPt=Line.l_ts=1, {75AD4C51-2DCA-4FEA-B984-2493AEF88A08}
PosPt=Line.l_ts=2, {F3BA9BC8-ED16-4E73-81D8-5021DBEA52DF}
LineLoc=l_sw=1, {51B3BE2D-794B-4610-A23F-427E1E9759E6}
50=l_sw=1, {F9FD52F8-4E96-4455-B2D7-7A0908A760D7}
50=l_sw=2, {BD643E33-C33B-47AD-9ECE-602BACA22EEA}
PosPt=Line.l_sw=1, {664566A0-707F-49A8-95D1-65050F6CD678}
PosPt=Line.l_sw=2, {41394E1B-E662-4294-BB29-4AA1E55E4A6A}
LoadResp=ConstkVA=1, {51279DD8-D2DE-4DD5-9EF7-F51C21534ED8}
LoadResp=ConstZ=1, {00D4B662-2929-4A9B-B512-3E488DD8EC3B}
LoadResp=ConstPQuadQ=1, {6C314D42-0927-40FF-8E6F-7DA367917B5E}
LoadResp=LinPQuadQ=1, {E4B51363-5FA8-446C-BB34-22A8C0B0A78C}
LoadResp=ConstI=1, {52E3F8E7-DA10-4097-A0C1-C338558B3F20}
LoadResp=ConstQ=1, {057B8AEE-1FDC-4BB1-B866-25379F5A652A}
LoadResp=ConstX=1, {35496535-65CA-43A5-B47A-E4191411DE42}
LoadLoc=load_b3=1, {893299CF-A774-4FB7-B4B3-4563E7E497CA}
LoadPhase=load_b3_A=1, {B1385280-EDF4-4B56-B90A-E7602F0F3A98}
59=load_b3=1, {7882D6C2-2C54-4C27-8651-8B5A173F8D4A}
PosPt=Load.load_b3=1, {0E6312BF-924E-4860-A99E-785E1393AC12}
LoadLoc=load_b5=1, {5C9D320C-229F-4E64-BBDB-4E03B62FCAD9}
LoadPhase=load_b5_A=1, {284A6227-BB07-4601-B487-3F47C605CB42}
59=load_b5=1, {6DB3A66E-C2C2-461B-9566-EDBF1A6086AC}
PosPt=Load.load_b5=1, {5A585136-3FFC-41EB-AA19-552F48D4EC41}
LoadLoc=load_b9=1, {B9EAE7CC-1BFA-4A6E-8073-E14AF6393172}
LoadPhase=load_b9_A=1, {C774E7F0-8086-40D8-ACF3-EB96A84BA0EF}
59=load_b9=1, {19A873CA-640E-4F64-BB97-8A72E365FBD4}
PosPt=Load.load_b9=1, {19F19B76-EA0F-4F11-9EDA-613D11141E4A}
LoadLoc=load_b10=1, {1530D6B4-B68C-4A96-87BC-122B2DA25691}
59=load_b10=1, {D7E79625-BD35-409D-B085-573F34593934}
PosPt=Load.load_b10=1, {A5C55D98-43BB-414D-8CE0-8B3CE47A09CF}
ZData=mtx606=1, {0A170490-50BD-4DAC-A70D-26DEEA2B55C9}
ZData=mtx606=2, {2ECA37EB-F18F-450E-B18A-34B73CE33572}
ZData=mtx606=3, {CB9887B9-E5E0-491E-A4E4-703CE1420ACB}
ZData=mtx606=4, {70D52014-E80D-4A5B-8C38-49CF8AD7D249}
ZData=mtx606=5, {6AD8958E-E1B8-43CC-B031-C7BD7B66F54F}
ZData=mtx606=6, {A367934F-8AFD-4AAC-80D2-5BF5C78627CC}
ZData=mtx607=1, {DE585C27-E761-4712-AF2E-27D1CC0D9DB0}
WirePos=WP_geo3ph_1=1, {45DDF6B2-3943-40F4-98C2-4A1CC02AA8B9}
WirePos=WP_geo3ph_2=1, {78661016-8D9E-4A4F-BF06-E4DDF0FF104C}
WirePos=WP_geo3ph_3=1, {F907D894-9D89-4180-B47E-D95A098E0247}
WirePos=WP_geo3ph_4=1, {39C75640-8478-48F5-8635-5E54FDA28BE8}
WirePos=WP_sp500_1=2, {56A4945F-12D5-4D47-8EE0-34DFFCAB11CF}
WirePos=WP_sp500_2=2, {3C306F28-43B7-4AA1-ACDF-67099A2893FD}
WirePos=WP_sp500_3=2, {7D8F2F4B-3321-4041-B7EE-007B732E35DE}
WirePos=WP_sp500_4=2, {F60C8758-FCB0-40CC-B336-D6F7DBAD72AC}
WirePos=WP_sp515_1=2, {9F2FCCA2-6DA6-4A6C-BD28-FF6F788CEC8A}
WirePos=WP_sp515_2=2, {248493BA-053F-4314-84A2-7DDE71432F2B}
WirePos=WP_sp515_3=2, {B13C747E-19D1-451A-8BC7-9F471325C3BC}
WirePos=WP_sp520_1=2, {D4CEC9C0-B76A-4A67-9275-48106178F298}
WirePos=WP_sp520_2=2, {0399034C-02B9-4277-A58F-35BE7FC67F0E}
NormAmps=OpLimI_400.0_600.0=1, {A6D916D1-BA5E-4752-8224-0A7FBF68B0C0}
EmergAmps=OpLimI_400.0_600.0=1, {077C652F-19AD-4072-960C-7A56A6D3D30F}
NormAmps=OpLimI_260.0_390.0=1, {E4A1AA33-36BA-42D9-9A33-EB4F8C6A1DA3}
EmergAmps=OpLimI_260.0_390.0=1, {5952E483-65D6-4BA7-82BA-89E3DA5E070E}
NormAmps=OpLimI_165.0_247.5=1, {F5878B6A-7534-4BA6-BDCE-82D5F459BA0F}
EmergAmps=OpLimI_165.0_247.5=1, {65BCF836-6CA7-42B1-BFBA-3FF24220CEE0}
