Circuit.cim_shunt, {C882CB9E-AD19-4EEC-8FAB-D9B79A240038}
Bus.sourcebus, {F78B632B-C0F2-4A63-B9D8-F7C70BA7E082}
Bus.b1, {6CEF0F39-C63C-4224-A04B-717D60923D29}
Bus.b2, {AE111608-DCC6-4AA7-AC88-1731E046DD77}
Bus.b3, {5E6DAF07-DDA8-4264-B8A2-64C611C07896}
Vsource.source, {83F91AD1-3EFD-4705-80C7-739EC19B3093}
Line.l_main, {50E5B57B-CF07-4552-9ED3-B8D53321F58D}
Line.l_br, {D2ABAD8F-9B1C-4B43-84F5-D2CCB20F30FB}
Reactor.rx, {0DE7F631-BFDB-4813-8413-34C2B38EF64E}
Capacitor.cap_wye, {B8976EBA-2D6B-4B20-B82F-47CE79296F52}
Capacitor.cap_delta, {FBFB125B-9B48-4AC5-B256-E7087D564A4C}
Capacitor.cap_1ph, {6FAF4DAB-C183-4A4C-B723-2D8BE9533E0B}
CapControl.cc_v, {ECBDDFCF-2D2E-4E8F-AEA6-23395C393B77}
CapControl.cc_i, {F2C21288-88D7-4E6F-917C-5E8C99503FE0}
Load.load_b2, {0D3C20C2-44C1-4A54-AA6A-F200BB53D904}
Load.load_b3, {311D36BD-7B30-441F-A283-9BCFE4C1E40A}
LineCode.lc1, {7FEE15EB-00A3-4536-B392-C7B7C124DA5E}
Station=Station=1, {3416E886-2742-4417-BF6A-8BD4B2ACD038}
GeoRgn=GeoRgn=1, {051C5488-154B-4B44-B6A0-5AE7B50E49AA}
SubGeoRgn=SubGeoRgn=1, {66125698-BCD4-4BD6-A026-CE9BA628D357}
CIMVer=IEC=1, {16EF3FCA-CAF9-4A8A-97C1-9913D5AE635E}
CoordSys=Local=1, {0852E10A-7B3E-41BA-AF62-ABB59B312D20}
FdrLoc=cim_shunt=1, {9CC049D7-DC15-4A4A-822C-ECDAE3B100AF}
TopoIsland=Island=1, {C46116F5-8F89-4982-9313-25322F594AE4}
OpLimT=NormalAmps=1, {076E8304-5ADE-4AD0-AAFF-A94FDF2E2ABD}
OpLimT=EmergencyAmps=1, {CB7E90EF-E06A-4CFB-BB91-97CA9DF3AF75}
OpLimT=AHi=1, {810BDE5D-64DD-437D-A243-EB985ED0F360}
OpLimT=ALo=1, {00DE71D8-52FA-413E-BBD8-854A36D45667}
OpLimT=BHi=1, {D0E5CA92-A00D-4DC5-A0CB-6B848F72F905}
OpLimT=BLo=1, {150B6C63-8051-481A-A1BC-3FCCDE389CF1}
BaseV=BaseV_4.1600=1, {B45EA3C2-6936-4C85-88CA-682AFAA49F75}
OpLimV=OpLimV_4.1600=1, {F8872C14-CD2F-400C-BAFA-4514AA8421AB}
OpLimAHi=BaseV_4.1600=1, {0CF1071D-AF4E-4775-9022-8B57045E9732}
OpLimALo=BaseV_4.1600=1, {1EA004F9-D89A-4CD0-BBF6-56B3C4CED39E}
OpLimBHi=BaseV_4.1600=1, {1D54A62D-C9FA-4532-84D9-880B982D340E}
OpLimBLo=BaseV_4.1600=1, {43592773-FB07-47D3-913A-C002AA8041C6}
BaseV=BaseV_2.4000=1, {9054AE67-606C-4852-99DB-6B64C6683BC8}
OpLimV=OpLimV_2.4000=1, {0CC98850-A6ED-4C64-B628-6F5F5AC554D6}
OpLimAHi=BaseV_2.4000=1, {F2FF392F-93FE-47F2-BB3F-F0A8395BB7F5}
OpLimALo=BaseV_2.4000=1, {46170178-FB4E-48AD-8991-94D54BA78B94}
OpLimBHi=BaseV_2.4000=1, {F4D2532D-AA30-4E6E-A57A-A17C0F26591B}
OpLimBLo=BaseV_2.4000=1, {25CB0014-0E52-400F-A6AF-69BDC9FA7CB6}
Topo=sourcebus=1, {F91D9579-5E29-4EBC-8F40-7F4BE009DE97}
Topo=b1=1, {CF79F83E-EF1F-465B-A02F-7B3BCAF83F7D}
Topo=b2=1, {A88F3947-5816-4438-9499-9428BD23B43C}
Topo=b3=1, {63EAFD4B-62EC-457D-AB25-DBEA4E7D0770}
SrcLoc=source=1, {04024B08-FA1E-476B-A401-411AA8F69F14}
25=source=1, {C854858B-673F-4948-ADA3-C39B72392D41}
PosPt=Vsource.source=1, {AF27689D-8F27-4E9D-9DC5-D762F4D06A55}
CapLoc=cap_wye=1, {3974DD94-A9D8-4152-9018-642E3122A559}
106=cap_wye=1, {97B44F28-BAC5-4A8E-8D27-AF03F2A09449}
OpLimI=OpLimI_112.4_149.9=0, {BF7DE96E-17FC-4BE1-A150-145703FD9A4F}
PosPt=Capacitor.cap_wye=1, {619AAE54-E18A-427D-AD55-D4723527352F}
CapLoc=cap_delta=1, {6FC26615-BBD5-41E9-9802-4D04F5E6668D}
106=cap_delta=1, {DC2B7161-9807-4F0C-8BEF-E1060B59DC8B}
OpLimI=OpLimI_32.5_43.3=0, {C04DD9E6-6C99-4B62-B75B-2CAB73A3CF24}
PosPt=Capacitor.cap_delta=1, {172F868A-B64F-4B68-8561-A509D8255FFC}
CapLoc=cap_1ph=1, {4B149A6B-BA4C-4F3B-AC9C-DA5D99CF6954}
CapPhase=cap_1ph_A=1, {58A70DAC-D050-44FD-838A-3B7063AE0EFA}
106=cap_1ph=1, {4CF69D54-B8A0-4835-B75F-8C09C7B6EE90}
OpLimI=OpLimI_56.3_75.0=0, {4F0932B8-44F1-43AB-854C-219EAA0F6799}
PosPt=Capacitor.cap_1ph=1, {2BA621B6-E8DD-4AE0-BB6C-6EF6785A8B8F}
50=l_main=1, {678F0BD8-63DD-481D-A51A-3BCEBDB57D3C}
50=l_br=1, {46823BDE-1550-4C76-86D1-7393B908042E}
ReacLoc=rx=1, {B478B259-18ED-4BE9-A26B-9DF940E65F0A}
138=rx=1, {5E671AA1-81C1-4CFB-8E04-CDBB0A4F9CFA}
OpLimI=OpLimI_4.6_6.3=0, {8E36B131-8126-45A8-88FE-C20845A61B9A}
138=rx=2, {C1D74175-5F08-4E10-9325-4C54A9A35F53}
PosPt=Reactor.rx=1, {00488D9F-5BFD-43EA-AEB3-20686B08F1AB}
PosPt=Reactor.rx=2, {BFE411A9-20EB-4DA1-AAB9-8795671351C1}
LineLoc=l_main=1, {BB267D67-075E-4F48-A4F4-324B306D674B}
OpLimI=OpLimI_400.0_600.0=0, {926E0166-F86F-40A0-B356-A3A0B84CB0ED}
50=l_main=2, {F46BC103-573D-4FA0-8E3C-0236A3F64C0A}
PosPt=Line.l_main=1, {1A382397-2F41-447D-9DBE-17D39B282F93}
PosPt=Line.l_main=2, {B2DC860E-F329-4B80-9504-E953A47D6365}
LineLoc=l_br=1, {D77ED73B-E96B-4C5D-B1A0-B3540D4EA81C}
50=l_br=2, {B092D0B5-18F7-484D-ADC9-276147AD1DE3}
PosPt=Line.l_br=1, {BE86489D-7C1C-4F47-A867-9412647572EC}
PosPt=Line.l_br=2, {8C2EA4E3-3DC4-477E-AAC9-8B6471CC567C}
LoadResp=ConstkVA=1, {088B6592-2480-4C94-B23A-10F551B64A2F}
LoadResp=ConstZ=1, {D0F10C23-F8ED-4C95-A337-637BF1F5C0BF}
LoadResp=ConstPQuadQ=1, {7C98173F-C13D-4315-AF7D-473362BFDED6}
LoadResp=LinPQuadQ=1, {05EDDD31-CA36-484D-9133-AF2284EFADA5}
LoadResp=ConstI=1, {298360D7-4985-434A-B8C6-62F210491AD9}
LoadResp=ConstQ=1, {17029EB1-708D-479E-9CE4-2358575713D1}
LoadResp=ConstX=1, {75EDCEF2-C374-4A5C-B8D6-39FE27861D09}
LoadLoc=load_b2=1, {7D27E361-05E6-441B-ADA9-9EBE792B80B7}
59=load_b2=1, {E6DC8467-10C3-4731-8F46-DB1B6849EFAC}
PosPt=Load.load_b2=1, {80DAE439-4826-46C6-A067-256B1A19A842}
LoadLoc=load_b3=1, {7AD59C73-4E91-4F21-A985-3CD6037DA0D4}
LoadPhase=load_b3_A=1, {456F1B97-655B-4243-95BD-B6013D0DA48D}
59=load_b3=1, {9714EE61-0A40-4E4B-A936-0D1CCF04AD11}
PosPt=Load.load_b3=1, {A3D22C1D-28A0-459C-8905-99DDDD02C726}
NormAmps=OpLimI_112.4_149.9=1, {6A53D109-0E29-4CEB-9BEC-996F8F5B8093}
EmergAmps=OpLimI_112.4_149.9=1, {47C632F2-1C09-45A0-91E9-1AF26C386FE8}
NormAmps=OpLimI_32.5_43.3=1, {F7BD8299-17B5-4173-8D5D-E1A3B15375E9}
EmergAmps=OpLimI_32.5_43.3=1, {3DBCC804-8D3B-4917-B617-71C46A7B754E}
NormAmps=OpLimI_56.3_75.0=1, {0BDCE71E-546B-4C6A-959C-E74C99DA9405}
EmergAmps=OpLimI_56.3_75.0=1, {2BA22539-3100-47DD-AAE9-C064FA0E0B35}
NormAmps=OpLimI_4.6_6.3=1, {4AD499C1-580B-4DDB-8D3A-BD7325CBB047}
EmergAmps=OpLimI_4.6_6.3=1, {F05199E6-768E-453A-B00D-C1B6D7A58221}
NormAmps=OpLimI_400.0_600.0=1, {5C7BD89F-2305-4038-B5F7-BF0292358EA7}
EmergAmps=OpLimI_400.0_600.0=1, {10A34BBE-FA12-4DAE-8A30-757EC9B1DCE3}
