Circuit.cim_der, {446686CE-2A6C-4775-8A5A-DA4760477919}
Bus.sourcebus, {4A92723F-F72B-4A37-8870-2FE82D606727}
Bus.lv, {C72A862B-38C0-4F54-87C4-77B7B11B96E0}
Bus.house, {287D5FAD-3E34-4D11-9730-02452D556C89}
Vsource.source, {A1322B0F-90B8-499B-AC6C-0D9A1478D803}
Transformer.xfm1, {A3644032-0FFB-4C5E-962A-ACD717367B45}
Transformer.tpole, {FCDDA2C9-01D3-4AB7-821F-92A1D9FA018E}
Generator.gen1, {383F7080-0656-45E6-BEAF-D48A2FFBAB6A}
Generator.gen1ph, {DEC4E297-E832-497A-8E33-D4DDFE72DAA9}
PVSystem.pv1, {959CB24D-44DC-49F4-811B-B38CFB19EE97}
PVSystem.pv2, {B29073EB-5837-470E-B8D1-A64EB90CD2E8}
PVSystem.pvsec, {1591D797-F972-4184-923F-441F0905E5CC}
Storage.bat1, {298D6CA9-59CC-44FB-848A-8FBA7EDC1016}
Storage.bat2, {B3EC4613-4E68-44CE-919C-F9B80EE384C1}
Storage.batsec, {0A4FC940-6E63-42E4-BACA-006ED1C9C04E}
InvControl.vv, {345DA64B-E86D-4617-95CF-ABC2F3B6835B}
ExpControl.exp, {1369BB77-89CF-482E-A61B-F17B97C78B86}
XfmrCode.ct5, {967041AD-DC9C-4A2A-B8D7-DA343052A5A6}
Station=Station=1, {43A88C59-ED33-4B1E-8EC6-70D3B4C1ABEB}
GeoRgn=GeoRgn=1, {C499FC5F-3D0A-46A5-8C33-C4877CF6A158}
SubGeoRgn=SubGeoRgn=1, {7399FA30-A677-424A-83FB-82CAAB3850CA}
CIMVer=IEC=1, {D5D768BC-090B-4C74-A652-F9986FC30A44}
CoordSys=Local=1, {016C6673-A1E4-44A8-A72E-0F5E4D880F24}
FdrLoc=cim_src=1, {DBB3DCB0-63B7-4C73-8114-890E33A6C645}
TopoIsland=Island=1, {7556E1EB-138B-4CCE-BFDF-009786530B47}
OpLimT=NormalAmps=1, {D5CBEA48-4C87-43AF-912A-08B865F4D3BD}
OpLimT=EmergencyAmps=1, {DA13606E-0AAF-4677-8226-2F7BAE70E6D5}
OpLimT=AHi=1, {F610987C-B17A-4B87-8CF1-3BB22414B965}
OpLimT=ALo=1, {101AA4DB-49E5-42A6-A717-68154ECDCBF1}
OpLimT=BHi=1, {93A73286-7F7E-4063-8190-6617E9B7EBF2}
OpLimT=BLo=1, {95102154-7264-4189-B9F0-A547993947ED}
BaseV=BaseV_0.2080=1, {1C6DFCB1-E8E6-4E74-A8BD-E543BCBE07D6}
OpLimV=OpLimV_0.2080=1, {C7B9DA8A-2BF0-45D5-A565-48CB28F36D28}
OpLimAHi=BaseV_0.2080=1, {823055F5-07FB-460D-9C6A-6CB64301548A}
OpLimALo=BaseV_0.2080=1, {BF4955F5-2F8F-4833-B9DF-CF7191884AF0}
OpLimBHi=BaseV_0.2080=1, {5A5471A6-54F1-47D1-A9D0-1FBA9ADDAAC5}
OpLimBLo=BaseV_0.2080=1, {15376C20-8496-48D7-A793-5D768D2399ED}
BaseV=BaseV_0.4800=1, {AED22ECC-D6C7-4120-989E-A4E2A5994E73}
OpLimV=OpLimV_0.4800=1, {19CD14BC-98C7-4306-80B3-552F64811758}
OpLimAHi=BaseV_0.4800=1, {F610D7FB-3075-4E13-8E57-29AFA30EB426}
OpLimALo=BaseV_0.4800=1, {B7D2F00E-8E4A-4209-A749-C743EA6D6F8E}
OpLimBHi=BaseV_0.4800=1, {C7715254-3C21-4A5D-BD52-B29ED1266E40}
OpLimBLo=BaseV_0.4800=1, {079623EF-10AF-4410-AFA1-F8E128BBF912}
BaseV=BaseV_12.4700=1, {37AA37DC-7F62-41F0-A0D2-D5A1A631B095}
OpLimV=OpLimV_12.4700=1, {A1D16D39-4FE8-4A8D-B5F9-AC79CB8653DA}
OpLimAHi=BaseV_12.4700=1, {622D5DC4-D17F-413E-8852-B68C8F296F86}
OpLimALo=BaseV_12.4700=1, {84D3889A-37E6-4998-9CCB-3E3C9F6E2D8A}
OpLimBHi=BaseV_12.4700=1, {95CFCC7F-FD1C-40F4-BE9B-CEF1D6C3AF33}
OpLimBLo=BaseV_12.4700=1, {CCE8F63A-0B67-45FC-B544-09F61CCE6ECC}
BaseV=BaseV_24.9000=1, {972A7098-B542-4A72-BCA9-93901426A0CC}
OpLimV=OpLimV_24.9000=1, {48F2CB5C-EC85-49FE-8CAB-221794219233}
OpLimAHi=BaseV_24.9000=1, {885BEBF9-4358-4B45-B02F-2AC98A4BCFD3}
OpLimALo=BaseV_24.9000=1, {B46CD6D9-0DB0-41B4-BB59-1805E2DC3DEF}
OpLimBHi=BaseV_24.9000=1, {E2A69422-087D-444A-95D4-585FB61DFC54}
OpLimBLo=BaseV_24.9000=1, {45AE076B-4013-4BC3-BFB4-1311F9871AE9}
BaseV=BaseV_34.5000=1, {78871DDE-CD47-4558-B74B-3CB0709956DE}
OpLimV=OpLimV_34.5000=1, {26576080-65C5-4F0D-9A2D-1DDC188F525A}
OpLimAHi=BaseV_34.5000=1, {B9FCDFEC-E547-42E1-BB8C-B55245B0D89B}
OpLimALo=BaseV_34.5000=1, {65B90452-F7F4-449C-8ACF-CECBD25E79B9}
OpLimBHi=BaseV_34.5000=1, {3DE5AD61-0876-41A4-9FF8-5501CBFB2BB0}
OpLimBLo=BaseV_34.5000=1, {58C037EC-8489-4133-9C11-58C26765313B}
BaseV=BaseV_115.0000=1, {1323F177-1126-4653-92F4-9BBE6277FE8E}
OpLimV=OpLimV_115.0000=1, {2BC96AE5-9D14-4F87-B0F6-B9066871E566}
OpLimAHi=BaseV_115.0000=1, {932DC39C-18BA-4928-80E7-A74F195ACC8D}
OpLimALo=BaseV_115.0000=1, {4C79869F-5251-4C1A-8B39-3DFE71680AEF}
OpLimBHi=BaseV_115.0000=1, {E9522296-5984-49BF-85D6-C773FC7D1D9F}
OpLimBLo=BaseV_115.0000=1, {B7A3ABB4-846F-4DD5-A744-98B62EC4629B}
BaseV=BaseV_230.0000=1, {4F4FE89E-BA7C-4424-894C-54C1B28F52E1}
OpLimV=OpLimV_230.0000=1, {1C8D43A0-BE68-4B34-92D3-BB113E589B2A}
OpLimAHi=BaseV_230.0000=1, {C3149E68-1F67-487E-B805-2B529C8209E0}
OpLimALo=BaseV_230.0000=1, {650C374F-7309-49B0-A1A7-6271DCD1FFFA}
OpLimBHi=BaseV_230.0000=1, {235B78E3-A7B4-426C-AD00-21D4B8E959E3}
OpLimBLo=BaseV_230.0000=1, {9DB8486D-8B40-4FCF-AA9D-B46895471E1C}
Topo=sourcebus=1, {F8647F29-B940-4A76-9264-1E007B066D61}
OpLimV=OpLimV_0.0000=1, {8E215348-ED66-4325-994A-133FD0AF2B30}
BaseV=BaseV_0.0000=1, {8F5FB05A-FA67-4149-BC7B-19345A1E198E}
SrcLoc=source=1, {A1402C2D-EA70-42EC-8CA6-5FBE403D65A2}
25=source=1, {F42E4DAC-4FA7-4C20-9798-1E112EBE16D3}
PosPt=Vsource.source=1, {D43C522F-DC83-4293-9833-39915B38A8CB}
LoadResp=ConstkVA=1, {559CF39D-C187-4C5B-B8E6-136AE6F6F0FA}
LoadResp=ConstZ=1, {B94A89A1-DA08-4173-ABA4-0A1FE99B68ED}
LoadResp=ConstPQuadQ=1, {871F0CF5-4FE1-406D-9073-829DB9F828A5}
LoadResp=LinPQuadQ=1, {C1161445-AEFE-44D0-81BE-DE6956FC90CD}
LoadResp=ConstI=1, {81831091-DAB8-401E-9CDA-17B821511CBE}
LoadResp=ConstQ=1, {1457C45D-9C30-4536-A027-684B27D1EDCF}
LoadResp=ConstX=1, {402DB0B1-8A5A-4EBF-89D1-F9B4D4057133}
FdrLoc=cim_load=1, {5ACA8453-C9E8-4548-A6CC-FD71CFF6A8AA}
LoadLoc=wyeload=1, {035C7613-7D77-42A1-94C1-5BF64814268F}
59=wyeload=1, {58B2F9F4-3237-4203-8417-D0BC9956FF02}
PosPt=Load.wyeload=1, {49B72C54-4FC5-4DC3-91F5-CDF1D4445E7F}
ECP=Load:dayshape:::dayshape::defaultload=0, {9F8999B4-280F-4FD9-8435-D86A4FFF0015}
LoadLoc=deltaload=1, {B64C3892-1E21-486E-A310-BC59C2C9FDDF}
59=deltaload=1, {1809E3AA-1C12-4F6D-992D-E4EBB7392A14}
PosPt=Load.deltaload=1, {D7577314-6E4E-4F7D-9FEF-C715315301C3}
LoadLoc=motorload=1, {AF2A340F-A449-493B-A263-01E1919746A4}
59=motorload=1, {A8AEF463-CAE0-4D57-8163-3D6CFD92CB13}
PosPt=Load.motorload=1, {55915CCA-D1F8-4ED6-9C81-D0AACF044844}
LoadLoc=cvrload=1, {D67C07FC-DCB0-43AC-93A7-FC00FD97AAD1}
59=cvrload=1, {26FC6C68-526F-4816-909A-94F71D711D91}
PosPt=Load.cvrload=1, {0E14DFF8-6840-4BBA-94A2-854965E923FA}
LoadLoc=ld1ph=1, {E8BD1280-A018-4BC1-B3D0-5C3F85CA7EB5}
LoadPhase=ld1ph_s=1, {8E6F1023-C2A9-4126-89CE-5526CD261FD5}
LoadPhase=ld1ph_1=1, {0175BC82-84D3-48D5-86AF-B85767F01162}
59=ld1ph=1, {2B2E02B3-A337-47ED-9261-01C3EFDADAF2}
PosPt=Load.ld1ph=1, {BB09C98E-4DC4-4E73-ADE6-97DC1680F24B}
LoadLoc=ld2sec=1, {EF3FD57D-C510-44ED-9B8F-5457F8719E2E}
LoadPhase=ld2sec_s1=1, {B03B3B69-EECA-43DE-AC15-1C76DEFF9BC2}
LoadPhase=ld2sec_s2=1, {9E78A58C-43C4-4776-91DE-B831AD1F1A1F}
59=ld2sec=1, {85B46EC5-C068-4B2A-922E-313A0D518B2E}
PosPt=Load.ld2sec=1, {D77B45CB-38FC-404B-9555-5E82E126F7D2}
LoadLoc=ld1sec=1, {339A029B-07EF-436E-8344-AD2824FCB120}
LoadPhase=ld1sec_s2=1, {3F9C3FDE-6C31-42AA-8787-262472F4B9A9}
59=ld1sec=1, {5172FA94-A9A5-4755-AC55-867B6508DDFF}
PosPt=Load.ld1sec=1, {D8A2947A-8C15-44D5-BDFD-E8032919B1EF}
FdrLoc=cim_lines=1, {6B61243C-84E0-4477-B86A-83885A223BC8}
BaseV=BaseV_4.1600=1, {4EE019E8-CF96-42AF-81C8-3DD760D9285C}
OpLimV=OpLimV_4.1600=1, {31CF6FFB-D70D-450C-918D-9F838A4D0585}
OpLimAHi=BaseV_4.1600=1, {A7D6F8A3-9A90-412E-8186-FE04EBFF949D}
OpLimALo=BaseV_4.1600=1, {554455C8-A57B-459E-AF64-01409BCE3169}
OpLimBHi=BaseV_4.1600=1, {286F9EC1-F38D-4074-8621-0825335DA587}
OpLimBLo=BaseV_4.1600=1, {A231CC0F-8875-4936-BA46-3B0028EDBFDC}
Topo=b1=1, {7C067A2E-B5DF-408A-AFDC-6BF3D640A09F}
Topo=b2=1, {11B8DFDF-6CAC-4595-A44E-576562F34C11}
Topo=b3=1, {CBD6C8F9-3A13-4EE0-9416-311C7B59D083}
Topo=b4=1, {11C7A5C0-AC26-42CD-A5AF-AB236830FB39}
Topo=b5=1, {6815D630-413A-42DB-9DA6-07DE541583A4}
Topo=b6=1, {6400EA6B-D8B7-440C-88A3-D7FF4419CCB4}
Topo=b7=1, {8CB2D912-9C2E-4D48-9695-C91C2B2FEA6B}
Topo=b8=1, {5B3CEA73-C375-4CA7-8EDF-747CF8706713}
Topo=b9=1, {DA26E6B7-0600-45DE-BB08-DBC5470247FF}
Topo=b10=1, {0196415D-61AA-4E91-9BF9-78DE1422A176}
LineLoc=l_coded_sym=1, {5E91D50E-00AF-4CCA-99E4-B7B5F057AE48}
50=l_coded_sym=1, {040208B9-4E08-4065-A7C6-B2B02801D596}
OpLimI=OpLimI_400.0_600.0=0, {57275E70-4B2C-4A4C-A4A3-83AA205F0F23}
50=l_coded_sym=2, {4B338088-06A2-4670-B395-6718A5F388C3}
PosPt=Line.l_coded_sym=1, {42B9E21F-539A-492D-8F41-9A72B5392827}
PosPt=Line.l_coded_sym=2, {6FFC0B11-C1B8-4F58-AFAD-64096BEABB38}
LineLoc=l_coded_mtx=1, {9E162A4A-5E06-4674-AFB7-0456D6053664}
LinePhase=l_coded_mtx_A=1, {0EE32E8D-C5C2-4DE4-9DF4-49DB001160A0}
LinePhase=l_coded_mtx_B=1, {0174D3B4-7827-4FE3-A974-F9B1712070C3}
LinePhase=l_coded_mtx_C=1, {C8E88FF0-38B6-4D23-8E21-DEEEDE5A9F50}
50=l_coded_mtx=1, {D53DAC05-E3CE-4061-8A36-F7EA454E5844}
50=l_coded_mtx=2, {E4B123CC-B7FF-47C4-B0CB-523493D36E6C}
PosPt=Line.l_coded_mtx=1, {E6B33437-7546-481C-8ED0-D8031FF269A8}
PosPt=Line.l_coded_mtx=2, {085709F7-AB3E-4C1F-9F3F-A1F953509C69}
LineLoc=l_coded_1ph=1, {F5261D44-B22E-4647-AEC3-97AA33AA0AAE}
LinePhase=l_coded_1ph_A=1, {5E2E99B1-1FF4-4939-B91C-C170808310CC}
50=l_coded_1ph=1, {89BF4CCA-BC45-4857-86F3-2A1AAF8E36EE}
50=l_coded_1ph=2, {EA46966A-D1A2-42B3-88C1-CF7680303561}
PosPt=Line.l_coded_1ph=1, {2B8FED3E-F5BC-4793-8548-5D340B0F8AAB}
PosPt=Line.l_coded_1ph=2, {5EB49206-2046-4597-ADC0-8DF2B5EE01FD}
LineLoc=l_syminline=1, {A526BA3E-D10F-4D14-9B64-BC3E9623FFDD}
50=l_syminline=1, {A8FF4000-0595-46A5-A8EF-6D70FC2D50FA}
50=l_syminline=2, {42C63E22-55A1-464D-980A-0F2C389306FF}
PosPt=Line.l_syminline=1, {6583DAEE-6961-4F90-BCF1-CF36A5B3D5CA}
PosPt=Line.l_syminline=2, {1E129205-8D92-4FFF-A8A4-6C596DE4D092}
LineLoc=l_puz=1, {1061B3DB-27A9-42E7-9D4E-D43CAC709BAA}
PUZ=l_puz=1, {97CEA716-BD16-49F1-B6A1-38B97BC462D9}
LinePhase=l_puz_A=1, {5C5FA7B1-4328-412F-9F19-7D985580C2D7}
LinePhase=l_puz_B=1, {8EB5C0F6-4D7E-43F5-8A61-0C7678EFDC60}
ZData=l_puz_PUZ=1, {2550BA9D-C01C-4F7F-95E2-884D180ABC10}
ZData=l_puz_PUZ=2, {E96B18CD-1BE7-4C1C-BC53-4131DBA810B0}
ZData=l_puz_PUZ=3, {765EC3AC-2E89-4F44-BAF5-0CA2E6D695E8}
50=l_puz=1, {7A686768-181D-4720-AB5F-13D9A5143545}
50=l_puz=2, {7AD25578-928A-4B2E-A2A7-503ABF7A4748}
PosPt=Line.l_puz=1, {A121DF97-3801-4B02-BC98-52E659919B3B}
PosPt=Line.l_puz=2, {47D3D310-CF2F-4B51-81CD-6CF28B6C0812}
LineLoc=l_geom=1, {A04C1257-40FD-4267-8206-762B572BE1A8}
LinePhase=l_geom_A=1, {C23EA5DC-832C-4F45-912A-AD9F2314FCE1}
LinePhase=l_geom_B=1, {3F3ACB5D-611B-4BB4-BE35-1C692CF8AFD2}
LinePhase=l_geom_C=1, {B5410853-9E69-4E24-BC79-1A5E4809956E}
LinePhase=l_geom_N=1, {FFB946AA-AF15-41EE-B6FE-A9A861DC8695}
50=l_geom=1, {9EDC3023-388D-4F03-B024-3120C91C36C2}
50=l_geom=2, {02FCF1E9-679A-49EF-B5E9-8D0B1BB3DE97}
PosPt=Line.l_geom=1, {703A7466-E182-45EB-9B02-A5E4095D6C58}
PosPt=Line.l_geom=2, {F2CAA5BD-B65E-4E3E-8995-9F9219D30B01}
LineLoc=l_spac=1, {2066BC93-E220-42E2-BBF2-AC210A602D1C}
LinePhase=l_spac_A=1, {C43FDA5B-BEE4-4453-B788-863D601C81A0}
LinePhase=l_spac_B=1, {940801C7-C9A8-4AC8-B6DE-B0A881D27EB0}
LinePhase=l_spac_C=1, {C50A421E-5A6E-4C88-8172-C3A11FDB0EB9}
LinePhase=l_spac_N=1, {69A749B4-7785-4354-BBEE-04CD57AEE522}
50=l_spac=1, {CE656857-BFB2-4144-ABCD-10F0EAED309F}
50=l_spac=2, {F3312A4F-53F9-4031-B1C2-6FA2C147B01F}
PosPt=Line.l_spac=1, {AAB06F87-E5C0-4C51-82EB-2C6E84950776}
PosPt=Line.l_spac=2, {A72E36E3-6592-4BB7-A68E-43AE8E014469}
LineLoc=l_cn=1, {9333E458-4390-4E01-B27B-B456AEB8D64D}
LinePhase=l_cn_A=1, {651B37D6-850A-4165-A8C1-4AE001AEB44C}
LinePhase=l_cn_B=1, {7FCAEDA3-C308-461B-B59B-26DAA836C273}
LinePhase=l_cn_C=1, {15DB21EA-2E44-432F-88D6-0EF12FD8C8C8}
50=l_cn=1, {C92BDC50-8B8D-4819-9AE0-0687812FB8C1}
OpLimI=OpLimI_260.0_390.0=0, {4C9B2672-9E72-42B3-B347-D044B4C3E30D}
50=l_cn=2, {C0BBC96B-A9A9-4FAF-83BF-49760D33B491}
PosPt=Line.l_cn=1, {EE07786F-130B-4DD5-9B6D-E676ADDC48CA}
PosPt=Line.l_cn=2, {99080C91-9C18-4151-BA1B-26145724D34A}
LineLoc=l_ts=1, {3E6F29A5-F7F7-4D75-926F-EB0F7ED4A910}
LinePhase=l_ts_A=1, {2CEC39A2-7680-418C-BEFB-97B453D1C275}
LinePhase=l_ts_N=1, {349E60BC-5208-4724-88C6-6506057D7666}
50=l_ts=1, {2DB8E126-33AC-4047-9004-69DB1F77DC8C}
OpLimI=OpLimI_165.0_247.5=0, {651CB716-4E6C-497C-B00D-BA0CEA8E00AF}
50=l_ts=2, {748EFDDC-0D12-48ED-82B9-ADEB568818A4}
PosPt=Line.l_ts=1, {D7F366B9-947D-471D-B58B-9ED9AB823F85}
PosPt=Line.l_ts=2, {B095E126-8231-4C68-B009-F0EAD648125A}
LineLoc=l_sw=1, {A3F3A16C-D9A7-4762-A711-1265CEC4D2F3}
50=l_sw=1, {D6C534F3-B69A-4D31-BE49-C238E546AAFD}
50=l_sw=2, {A4426F59-D356-4368-809A-E7A817229645}
PosPt=Line.l_sw=1, {57133DAF-D270-4FBA-B1EA-489FF8D1721D}
PosPt=Line.l_sw=2, {F43E2E9A-688E-450E-9987-EE15364F4B74}
LoadLoc=load_b3=1, {E788F934-669D-43C2-9863-16A7F5320F8D}
LoadPhase=load_b3_A=1, {8F9A1152-55EC-4703-957F-486FF879C8FC}
59=load_b3=1, {8B45CC61-2041-43E2-98CA-33665E38AE87}
PosPt=Load.load_b3=1, {6BF92039-16A0-4FBE-865B-BD7FB9932F1D}
LoadLoc=load_b5=1, {2C808E8A-72F1-4CC8-9BC7-E0837E25267B}
LoadPhase=load_b5_A=1, {25001BE3-B2B3-4253-9E24-12FE89036B12}
59=load_b5=1, {E0667D0B-9828-49C4-86BB-3FEC7A0FE24C}
PosPt=Load.load_b5=1, {2B6AD3D1-7ED0-4EE7-B818-D72B122116BE}
LoadLoc=load_b9=1, {BE9EBF3F-6165-46C7-8F36-8D8E7A2FD08C}
LoadPhase=load_b9_A=1, {D3DC53CB-527E-458A-9794-15723869F7F1}
59=load_b9=1, {B124A28D-B3B6-4686-B36D-85ABCC9B8D37}
PosPt=Load.load_b9=1, {39CC91DD-1BE5-4F44-AFC1-E19DF4383C5F}
LoadLoc=load_b10=1, {278BEF18-BA14-4841-9B48-DBDA35D53A1B}
59=load_b10=1, {3C8E7EE6-B322-4462-A1D6-0A002F2CFE18}
PosPt=Load.load_b10=1, {3CF1851C-5195-423D-9B8D-608F41B63AA2}
ZData=mtx606=1, {37BFB450-2412-46B4-B6F2-94EBC6DC4E7E}
ZData=mtx606=2, {F3B51ED3-B01D-4DA9-91BC-425C96B22469}
ZData=mtx606=3, {9A217EF1-9B1B-49C4-9D2A-1B39911CC439}
ZData=mtx606=4, {F9EB7B32-6028-4766-9D6B-EA497B4D5896}
ZData=mtx606=5, {F15D0830-E032-4BE1-8190-6BFD79906EF6}
ZData=mtx606=6, {2175CE9B-F539-4EF6-9E58-9DA5E2C75A2D}
ZData=mtx607=1, {B13DF1C1-722B-4DF2-9EAB-5112B6B85F7E}
WirePos=WP_geo3ph_1=1, {88737B99-DD78-4B16-8AA3-5DC424D7778E}
WirePos=WP_geo3ph_2=1, {29D1C122-0D1F-44E7-A0C8-0BE728BB3609}
WirePos=WP_geo3ph_3=1, {B865BA5F-D139-4548-B9C1-D06508B2434E}
WirePos=WP_geo3ph_4=1, {C51A2C70-8475-4489-A055-66D5D09751DE}
WirePos=WP_sp500_1=2, {E0F6EBE5-8D12-47E2-9958-3AC74EB87B99}
WirePos=WP_sp500_2=2, {FE4B2CC8-843B-4012-B776-37DF3895650C}
WirePos=WP_sp500_3=2, {1B52A3BC-AAAC-43F3-B53A-125E62404E4D}
WirePos=WP_sp500_4=2, {7D6E6F81-1E68-44D4-99B6-3C436BB9F7DD}
WirePos=WP_sp515_1=2, {CB83458C-A48F-44FC-94FC-DB46E9E90AF1}
WirePos=WP_sp515_2=2, {E6970F12-0FF3-49EF-A079-8FC3B20DD112}
WirePos=WP_sp515_3=2, {D0702AA3-8855-4558-A933-094351446374}
WirePos=WP_sp520_1=2, {BC35F9B0-609A-48FF-BA39-BB7E837D24AA}
WirePos=WP_sp520_2=2, {F5EAA8A1-5C9B-4358-AB45-7C67A4C15CC5}
NormAmps=OpLimI_400.0_600.0=1, {81B3D2CD-C6A7-41A0-BFB9-49CBD335D6DC}
EmergAmps=OpLimI_400.0_600.0=1, {F2602632-7DAA-4B88-BD74-5461353B0AD3}
NormAmps=OpLimI_260.0_390.0=1, {14F9778C-835F-48E4-AD68-90AFE1A28EB1}
EmergAmps=OpLimI_260.0_390.0=1, {841FF2EA-5699-4524-922F-423F12AD7E7B}
NormAmps=OpLimI_165.0_247.5=1, {F566A27B-658D-49B1-AEC3-C620B9A5AF1D}
EmergAmps=OpLimI_165.0_247.5=1, {0DACB98C-F50C-4182-BC5C-BB42DFEF48D4}
FdrLoc=cim_shunt=1, {70633B1B-3C17-41D7-B508-DF289E59ECB6}
BaseV=BaseV_2.4000=1, {5135FB3B-0DB4-4D46-A1B6-858930BB6038}
OpLimV=OpLimV_2.4000=1, {3526F2A2-B48A-4395-B6BB-420E0775A17B}
OpLimAHi=BaseV_2.4000=1, {F339E023-9AA3-4A18-AE4C-3673FB496949}
OpLimALo=BaseV_2.4000=1, {755EA6B4-231C-4903-B243-CC434F51BF93}
OpLimBHi=BaseV_2.4000=1, {E5D2350D-C979-4D7A-A00C-7218D914415B}
OpLimBLo=BaseV_2.4000=1, {A66A6785-BEC5-48D9-9CD9-A7C10D8FC02F}
CapLoc=cap_wye=1, {E4DF1BA8-DC90-4BD1-8016-7B3AC38EC1C9}
106=cap_wye=1, {FC51B2CE-9821-4710-AA91-DEFE794F6117}
OpLimI=OpLimI_112.4_149.9=0, {6C433AD4-F763-4457-A73F-9BA79DB83F0E}
PosPt=Capacitor.cap_wye=1, {DFEE77DD-3D8C-4FD0-8E31-531CFCDF029F}
CapLoc=cap_delta=1, {A0D2F652-0074-4738-89C9-A7D8B31696D8}
106=cap_delta=1, {6DEF9B18-3177-4FB2-A18A-D8CF73E399F1}
OpLimI=OpLimI_32.5_43.3=0, {0E2DAC05-3C0F-4F82-A7B0-90D8A01E92C8}
PosPt=Capacitor.cap_delta=1, {B8E1411C-2180-49B0-9DB4-C87F9E100C0F}
CapLoc=cap_1ph=1, {9ADB4534-1374-46E7-AC25-3D5BCF431BBC}
CapPhase=cap_1ph_A=1, {D6B883CD-85BC-4196-AFC5-EEDEA9E62055}
106=cap_1ph=1, {74C4158D-A9B2-4111-A92F-15F670D9C917}
OpLimI=OpLimI_56.3_75.0=0, {65B65619-0CFB-4B6F-9736-BE5F87C7CD1B}
PosPt=Capacitor.cap_1ph=1, {F864D487-EEA3-46E7-878F-F434BB96E7C2}
50=l_main=1, {40CA1F94-9B3E-4CC0-9C0C-BB9D7853AA89}
50=l_br=1, {B31D97FB-F287-4D93-836E-2C48637CEB6B}
ReacLoc=rx=1, {ADFAD082-0722-4D0F-B572-0D318AF6DD91}
138=rx=1, {24FEED27-60B0-447A-BC6E-8D8E8B250E4E}
OpLimI=OpLimI_4.6_6.3=0, {946C8F5E-BC60-419E-AFA6-6BC7DB08A82F}
138=rx=2, {218EAB09-D21A-43C6-9FFD-45A5E8135E9E}
PosPt=Reactor.rx=1, {1658751C-7773-4C21-8BB0-D4F803DF1429}
PosPt=Reactor.rx=2, {C17ECDB9-95BB-41D0-B3E9-E7913868C049}
LineLoc=l_main=1, {3563FEF2-41B2-4335-A2EE-8B3C4782CA10}
50=l_main=2, {228885CA-9A4C-4F92-B003-C789671E7280}
PosPt=Line.l_main=1, {5D5E2878-8D05-44C3-A183-76A8E48ECAD6}
PosPt=Line.l_main=2, {8E9FFE00-664D-4FC4-B889-77EAEDFD5226}
LineLoc=l_br=1, {06166B6A-07F6-417B-B4E5-5173192E85F8}
50=l_br=2, {50C11F67-B651-4FE7-83A7-BCF10BA11D8B}
PosPt=Line.l_br=1, {EE05830B-60BE-4A2D-A498-D0C1B741C6F4}
PosPt=Line.l_br=2, {2F12FFD0-DCAF-4A76-A1EB-CF0C303C98FB}
LoadLoc=load_b2=1, {A00A2E0B-9B47-499D-916E-78CE4D5C5C3D}
59=load_b2=1, {FA0B4624-9F11-4FAF-8AA8-D83A5FA4F74D}
PosPt=Load.load_b2=1, {15192593-6253-483E-87A9-4A77A9C0B555}
NormAmps=OpLimI_112.4_149.9=1, {7612423D-0816-4523-850E-10DA643D5765}
EmergAmps=OpLimI_112.4_149.9=1, {F860F564-FBD9-4706-9D08-5F11C12F2DC8}
NormAmps=OpLimI_32.5_43.3=1, {C79283C2-48A5-4EC2-A939-750D39685D25}
EmergAmps=OpLimI_32.5_43.3=1, {8CF75B71-E9C2-415E-86B8-970FFEF1DA0C}
NormAmps=OpLimI_56.3_75.0=1, {12C7CEEB-5567-41AF-97C1-756DC3DDB1A5}
EmergAmps=OpLimI_56.3_75.0=1, {B5A92936-F7B0-4030-A326-695C012B7A82}
NormAmps=OpLimI_4.6_6.3=1, {71CFB5BD-DD26-46F3-A143-864F45CA4C7A}
EmergAmps=OpLimI_4.6_6.3=1, {EF0B65D2-F969-4DE8-B771-98D5DE5EC608}
FdrLoc=cim_xfmr=1, {C15D99A0-D4A6-4DA0-9C4D-8D388EA0EE17}
BaseV=BaseV_345.0000=1, {E7D4FCAD-397F-4649-9100-D7B69FDCD363}
OpLimV=OpLimV_345.0000=1, {AEE73060-91CB-4270-BD69-2097E50A4BEA}
OpLimAHi=BaseV_345.0000=1, {05F4FB8B-7B4C-464D-B1D3-28E91B9BE4CD}
OpLimALo=BaseV_345.0000=1, {22C6495F-CACF-4324-A683-BBA46270D4A6}
OpLimBHi=BaseV_345.0000=1, {2F996ED6-DE1F-4EF1-8E52-E2FD689E61DF}
OpLimBLo=BaseV_345.0000=1, {E543EC56-D58D-482C-8AA0-611AE6920430}
BaseV=BaseV_161.0000=1, {69C489DE-ED4F-489B-8B3A-AD3E1BDDB671}
OpLimV=OpLimV_161.0000=1, {B35DD1F6-C2F0-45AA-8F92-958496137836}
OpLimAHi=BaseV_161.0000=1, {F676C06F-934D-461E-8E31-C32930EF49D4}
OpLimALo=BaseV_161.0000=1, {F95A9CBF-8950-4BC8-91C8-EAC99D7448E9}
OpLimBHi=BaseV_161.0000=1, {36A731A9-4032-49C4-B1D6-6143CC28B7F7}
OpLimBLo=BaseV_161.0000=1, {62F2EFAB-D549-4110-A85E-2935E5062204}
BaseV=BaseV_69.0000=1, {09EAC161-72A5-4053-A4C4-94AD33E6C227}
OpLimV=OpLimV_69.0000=1, {B96C361C-7C7F-405B-BC10-7897A29E6A2B}
OpLimAHi=BaseV_69.0000=1, {D2DD4D9E-014A-47B8-91C9-FB55D39FDD5D}
OpLimALo=BaseV_69.0000=1, {6CDE6A78-19F5-4792-BB60-FCA159F8A8DD}
OpLimBHi=BaseV_69.0000=1, {15C96780-3FB5-43B2-B942-EC8898E9F58F}
OpLimBLo=BaseV_69.0000=1, {17406B1D-A839-4AE1-B4F2-1DBC7EFE5640}
BaseV=BaseV_13.8000=1, {7998F724-C237-490F-8463-F928BD207FFD}
OpLimV=OpLimV_13.8000=1, {F36ACF52-8051-4527-ADBF-479C59116F65}
OpLimAHi=BaseV_13.8000=1, {93F85A6E-5C81-4CAE-9DCB-6BFD7BE83233}
OpLimALo=BaseV_13.8000=1, {A6D4E2D6-8E3E-4FAE-A491-60794E8FA114}
OpLimBHi=BaseV_13.8000=1, {094FF6B3-5AC6-4EF2-9B04-DE5A44DD279E}
OpLimBLo=BaseV_13.8000=1, {3F4ADDDB-28CB-463E-A4BF-5F015092E5B6}
BaseV=BaseV_7.2000=1, {A2F4F3F2-0059-4311-AA8B-FDB0BC5FFCE7}
OpLimV=OpLimV_7.2000=1, {6216CE69-7ED0-4E33-84C7-FF3A11745821}
OpLimAHi=BaseV_7.2000=1, {F050EB0F-8CFE-493C-92E7-580D29472E6B}
OpLimALo=BaseV_7.2000=1, {6C96729F-9B21-4CE5-A6F3-1A9687774F1D}
OpLimBHi=BaseV_7.2000=1, {CA687876-C8D3-428C-8B08-1372B15E5B2B}
OpLimBLo=BaseV_7.2000=1, {E2D54605-4D06-436C-BFE7-2C2128197DEF}
Topo=low=1, {395C31B1-080A-4A2F-98CD-7E6087E66D3D}
Topo=tert=1, {3F711837-0A31-484C-AEE2-3011872A22ED}
Topo=sub2=1, {ADFAB712-0F80-493D-8EDC-B732BDF23840}
Topo=mid2=1, {F9819101-60FB-4B1E-AC76-CFA93A3597F7}
Topo=mv=1, {6015D0CB-E333-4007-A76C-9FBEBCB09CFF}
Topo=regout=1, {4DB98563-69F8-47E2-94D2-A57006EF5F12}
Topo=lv2=1, {0CFB925A-73BD-4ACE-B318-791285928BDF}
Topo=load2=1, {F1C6F732-E90F-43EE-8692-9284F8BC8AA3}
Topo=lv3=1, {A8AD3BF1-3F78-4D01-8A35-773CDA5243DD}
Topo=tert3=1, {F98E4EF5-BD48-44D3-8576-5094FE39EF89}
SrcLoc=s2=1, {C98513E4-ECD0-436E-BC13-E678FAEA33DA}
25=s2=1, {C356372F-D36D-40F0-8B99-2B9FA7C3E0F2}
PosPt=Vsource.s2=1, {7C10EC2B-2BD6-4378-8390-C9C29C9F4110}
Bank==t1=0, {F455CF52-AE50-4E9A-A549-9E68DD2C281C}
XfLoc=t1=1, {C3365DBD-645B-4FED-B4A9-E6B0D784F996}
PosPt=AutoTrans.t1=1, {FA71992B-F0DF-4722-A9DF-1826202084A3}
PosPt=AutoTrans.t1=2, {F65DCDC0-8547-4327-9311-59B94719BCD1}
PosPt=AutoTrans.t1=3, {EE2811B5-F20B-4D35-A674-F8815FB83FBA}
Wdg=t1=1, {493ABBA1-2D3B-465F-B82D-8FBE85E3876E}
Wdg=t1=2, {4E344221-435D-46D5-B73B-F733A63FB0BA}
Wdg=t1=3, {0DD47B5F-33B4-4E7C-AA95-583AB2ACC467}
XfCore=t1=1, {9EFFDCA2-7B2E-4170-9578-9B78781729DF}
XfMesh=t1=1, {060D748A-8758-49C9-A07D-C32988E418AB}
XfMesh=t1=2, {3A3A2725-93CC-4F00-A22F-F28384016223}
XfMesh=t1=3, {20B32696-40BA-498B-B2EF-06AE999B124C}
298=t1=1, {F227926E-AA51-4075-A06F-0B9BB404C800}
OpLimI=OpLimI_1139.0_1553.2=0, {3F1373E6-639C-425A-97A2-D3D627BC5693}
298=t1=2, {4160433A-39D1-472B-8EB9-47F3889F7D2B}
298=t1=3, {C1A6EA64-0C43-4FFA-8FBC-F0C3C455A7AB}
Bank==t2=0, {8D9A7C5D-AFFD-4446-A577-C03E51355DBE}
XfLoc=t2=1, {16F5A534-424E-41E7-9011-ED0545C92CCF}
PosPt=AutoTrans.t2=1, {A57F54C8-B90F-4FD3-A6FE-7B065F2EE07D}
PosPt=AutoTrans.t2=2, {20DAC763-E6E2-4F72-8862-1327C705FBE7}
Wdg=t2=1, {5183A8A5-8F34-42E2-8A0F-EF8B98D4A2C3}
Wdg=t2=2, {275640D9-DD04-4372-941C-66EF9F808C96}
XfCore=t2=1, {E19CABF1-4415-41F2-883E-CC0936D51DE6}
XfMesh=t2=1, {FC84E4E3-2457-443E-A00A-A503646C3A02}
XfMesh=t2=2, {BDC9D2D6-1BF1-4F9F-9199-771114518D20}
XfMesh=t2=3, {02DB975B-4C4A-4AF6-AD18-189C5E915A88}
298=t2=1, {0FF25E37-CF5C-401C-9752-8C623B517B7B}
OpLimI=OpLimI_690.3_941.3=0, {C04BD188-C886-4A8F-91CC-A934FCFE7625}
298=t2=2, {F7BA5694-A2D5-415C-AA73-0A35676096FF}
TankInfo=cimxfmrcode_reg1t=1, {BB91A68A-AFEA-4E90-A6D5-6F238AAA3B5B}
TankInfo=cimxfmrcode_reg2t=1, {60391A2A-C861-4EA5-978F-CB8A1CAC49FC}
TankInfo=cimxfmrcode_reg3t=1, {AD3FF815-1D81-4F7E-9FAC-D8E12FA18813}
WdgInf=tc1=1, {F37267F8-795B-42A4-8EC9-B5D8F690EBAE}
WdgInf=tc1=2, {DE8B8A02-9508-4D44-B232-77D8007A19E6}
OcTest=tc1=1, {E1577DF7-9F0C-46B2-90F8-27813ADEA0A0}
ScTest=tc1=1, {08CD0090-3223-4B8B-A300-7421F3F9B3F4}
WdgInf=cimxfmrcode_reg1t=1, {C7455DAD-571E-4EBC-82E7-2B80878C5394}
WdgInf=cimxfmrcode_reg1t=2, {D8CB9A6E-E226-44F1-812E-654E52B58F6A}
OcTest=cimxfmrcode_reg1t=1, {65A5E98B-665C-4AAF-8705-D24269EB82E5}
ScTest=cimxfmrcode_reg1t=1, {50C06A0E-2455-4616-A7A8-8F8BFF7F9A61}
WdgInf=cimxfmrcode_reg2t=1, {C5AFF8A1-595B-42EC-B319-3F7CB0CB40FF}
WdgInf=cimxfmrcode_reg2t=2, {6C43C625-61F8-4BDD-8C76-34A5E08E51B7}
OcTest=cimxfmrcode_reg2t=1, {6E5C1C97-6EC7-43AD-BD48-CFF1CD5DB881}
ScTest=cimxfmrcode_reg2t=1, {F9ADD7DF-9FE1-403F-9041-5C029250720E}
WdgInf=cimxfmrcode_reg3t=1, {4311BD5F-31BA-40F7-BB8F-653D30C4FF83}
WdgInf=cimxfmrcode_reg3t=2, {9B54EB74-D6D6-40B1-A979-51E416E35FED}
OcTest=cimxfmrcode_reg3t=1, {FC896113-D80F-4081-A5EE-C9B33FF93B86}
ScTest=cimxfmrcode_reg3t=1, {E1F16A81-DE1A-4ED1-8CA5-D003BA4BB7F6}
Bank==sub=0, {060727AB-CA89-4E54-9205-670C7F8F81AB}
Bank=regbank=0, {54B57DD1-E672-42B3-A930-FAE82E763A36}
Bank==xfcoded=0, {78BE886C-949B-4382-9A91-5659C6077FA6}
Bank==t3w=0, {6CB5CA49-D3AC-4627-90B2-E4B1534EBA7D}
XfLoc=sub=1, {7FAA2ADF-2A47-4ED8-81A7-656385D8BEA5}
PosPt=Transformer.sub=1, {6CB832FD-2BC6-498C-948F-6B9EC2C9C3F6}
PosPt=Transformer.sub=2, {20A293FC-3E20-4266-9F24-C17AB5BFBC67}
Wdg=sub=1, {23E81F90-7868-4AA6-925F-7361F15B3726}
Wdg=sub=2, {0CF7851D-6F61-46C4-ADCF-3722ADCB5A17}
XfCore=sub=1, {75D00F5E-435E-4909-A675-CBE466EB2FC6}
XfMesh=sub=1, {C82365BA-C137-4288-9F7D-D7D17743B445}
XfMesh=sub=2, {6794D49A-97B5-43B4-82F1-815D1B1A075C}
XfMesh=sub=3, {B30DEE72-FA49-4860-B25C-48CCDE1FFB34}
34=sub=1, {63BBF6D6-B285-4940-8496-1DD84A40B85F}
OpLimI=OpLimI_394.5_537.9=0, {D88452DA-57C2-4C07-BAA3-F1D5E1264276}
34=sub=2, {859A694E-D11C-40C0-B337-5E7DE57A05C7}
XfLoc=reg1t=1, {8ED48A2D-3B20-44D4-93BC-34F4B2F5B677}
PosPt=Transformer.reg1t=1, {0D493023-5FE3-4809-B289-B6F13EFD865F}
PosPt=Transformer.reg1t=2, {9B57CBAB-9E12-4A87-AF07-C16127AACA31}
Wdg=reg1t=1, {5437DFE6-67DF-411A-A79B-A7740775D778}
Wdg=reg1t=2, {B911FB37-8038-4A72-9334-4A956AD2F5B4}
XfCore=reg1t=1, {3DBA2225-244C-413D-A2B7-8B94BE14C288}
XfMesh=reg1t=1, {C106BFFA-1ADF-428E-B056-238D052A620D}
XfMesh=reg1t=2, {64A021E5-4FA9-43CA-AE06-16C45EEFDE96}
XfMesh=reg1t=3, {63215543-97C0-4C23-A00F-CABC2E2CDAF9}
34=reg1t=1, {DB7A4D6A-D5DD-497C-BD92-7367981A00F4}
OpLimI=OpLimI_305.6_416.7=0, {2530DD3C-C594-4413-8936-C17FF9E42541}
34=reg1t=2, {51A29170-D746-401E-B1DA-4FA140C22EBA}
XfLoc=reg2t=1, {DB6E2721-EDD8-4636-A60F-FB475C90A28F}
PosPt=Transformer.reg2t=1, {04BD9245-4D47-47E3-847D-2FFB68E56861}
PosPt=Transformer.reg2t=2, {945CF7E2-5E28-407C-AC20-30D9A12D4223}
Wdg=reg2t=1, {2E2C1889-624E-4141-BDCF-520F39AB5DC0}
Wdg=reg2t=2, {2F8197E8-B3AD-4AF0-AD7C-D8D19D24B861}
XfCore=reg2t=1, {CD6BBA2E-FE6B-4FC4-BFF7-65982EFB2983}
XfMesh=reg2t=1, {E3AE36C1-CA8F-471A-AA9D-9C3E8ADFF7EC}
XfMesh=reg2t=2, {F751A9C5-B56F-4011-B2F1-727D716D6455}
XfMesh=reg2t=3, {5EB5912B-7010-49D2-9804-B462D5F53949}
34=reg2t=1, {7E776C54-E5C5-41EB-808C-A8B8E6A9B06A}
34=reg2t=2, {AF758221-106C-41A8-B603-E70E377794FC}
XfLoc=reg3t=1, {BFB308C8-C33F-4A45-B1A7-0A246A63840F}
PosPt=Transformer.reg3t=1, {B4AECB92-3880-4FB2-8C99-18ABD2CEE25F}
PosPt=Transformer.reg3t=2, {D3E61106-ED4E-47DA-A538-F9EBB6A9A5C0}
Wdg=reg3t=1, {FA2AA5DC-8129-4CCA-B0E5-7CFFF397B7D3}
Wdg=reg3t=2, {76C62E1A-4FD0-4DCD-A05C-F7669BD22D9C}
XfCore=reg3t=1, {B4A3A0A3-6FF1-4959-8F89-6546372E1F82}
XfMesh=reg3t=1, {19ED5FB4-1077-4268-BA22-DA26D5129975}
XfMesh=reg3t=2, {88274068-2EC1-42F2-9A8A-1F80314713C9}
XfMesh=reg3t=3, {BCB8466A-943E-4459-99F4-2BC0EB677683}
34=reg3t=1, {1D31A99E-A842-471D-B5F4-411875032DD8}
34=reg3t=2, {D794CFB0-0E84-46A5-AF37-E2873E168878}
XfLoc=xfcoded=1, {D08F73D5-BBCD-4900-A1E8-2DC3E0889996}
PosPt=Transformer.xfcoded=1, {ECAAD87E-8D01-4C60-A12C-79E46905B4C4}
PosPt=Transformer.xfcoded=2, {4DE40188-4672-4989-8164-A4B6056E289E}
Wdg=xfcoded=1, {0D649B21-3347-4F0A-9103-28474B5804F9}
Wdg=xfcoded=2, {517CF1E3-51AD-4A67-B8C3-69D5636C1BC2}
XfCore=xfcoded=1, {6C188222-8E59-4957-B02B-7EB253451024}
XfMesh=xfcoded=1, {637B1E17-043E-4554-8043-D7361546A086}
XfMesh=xfcoded=2, {B9D5C674-7BCE-45CC-8E2C-33185270481E}
XfMesh=xfcoded=3, {10EA9254-585A-4455-A2DB-CCB22120B7D3}
34=xfcoded=1, {38AAE6F2-D1F4-4E0D-BECE-403A44BA6695}
OpLimI=OpLimI_25.5_34.7=0, {FB2BADA3-6E0C-4608-B4DF-92104926ADC6}
34=xfcoded=2, {F22CF06A-27AC-4546-9506-06C6F8404246}
XfLoc=t3w=1, {7610CDD6-411B-4AC9-9AF7-93ADED90E4BC}
PosPt=Transformer.t3w=1, {C77ACE6B-B987-4015-BFCA-67C54B7B2302}
PosPt=Transformer.t3w=2, {5630B4C4-510F-4996-A49D-FA4073F38AAA}
PosPt=Transformer.t3w=3, {9A8B3D74-A9EA-4838-813B-52FD7FA693EC}
Wdg=t3w=1, {4206C9E6-346A-4724-B50D-265D53394E5D}
Wdg=t3w=2, {D4818EE0-3C6D-4018-8B3D-0AA6F8C3E888}
Wdg=t3w=3, {02375005-25CC-458B-920C-464A64126987}
XfCore=t3w=1, {649FB553-0440-4AA0-BD29-351BB860A3BD}
XfMesh=t3w=1, {28E7E5F5-2EF8-4820-A721-B30087E64D9A}
XfMesh=t3w=2, {ED7EF2BE-104F-4967-8174-D510C0A5B54A}
XfMesh=t3w=3, {D3405E68-891A-4F5F-85C0-354DDC3DEFB9}
34=t3w=1, {1A735BB3-AED5-4058-8878-DC35A1B020C0}
OpLimI=OpLimI_152.8_208.3=0, {78863BB8-A3CC-4E58-B7E5-569496889D33}
34=t3w=2, {C84C3A13-9F6C-4FE1-B0B5-D8AB8B9B9D34}
34=t3w=3, {FC2DAD05-E0FE-4612-984F-AAD7A55801DD}
TapCtrl=creg1=1, {60370D55-E013-42D3-9B8A-4A0752EFC9AB}
TapCtrl=creg2=1, {6A3BF8ED-7269-4686-8A11-8C142F6770C0}
TapCtrl=creg3=1, {3C8A85F1-C2C8-48F9-A7A6-9FBFED7825B0}
LineLoc=lc_feed=1, {61D8B003-742E-464F-99C0-A5C8259E0235}
50=lc_feed=1, {B9653434-BBB4-4D81-9C9E-C231D060E6B5}
50=lc_feed=2, {6444C93F-E087-4C8E-A7A6-3DF266B0A50C}
PosPt=Line.lc_feed=1, {8343D5CC-3B76-40C4-8F23-0390CA36BF9C}
PosPt=Line.lc_feed=2, {313A12C6-AAA8-4165-BFFB-143038008B03}
LoadLoc=l161=1, {0C452B61-A987-46FE-A81C-E35925A2E3CF}
59=l161=1, {52E9AC5E-940D-4B85-895D-FA1DE0E35BD1}
PosPt=Load.l161=1, {AAFC1E7A-5BFB-4918-9E42-CC3263AE7F78}
LoadLoc=l138=1, {51C6521D-6B09-476A-8B45-9A8DDBA3D488}
59=l138=1, {5B3EAAF6-0F71-4055-B549-0F714F7B3215}
PosPt=Load.l138=1, {885FFED0-1F0D-4D40-9F70-15E2961C976E}
LoadLoc=l69=1, {EBC03F08-6188-4A47-899E-A8D844B9327C}
59=l69=1, {B111710F-4FF1-46AB-8FC4-B550AF8BF4D9}
PosPt=Load.l69=1, {2B03D99D-AE08-45E5-AFE3-7D4B370035F5}
LoadLoc=loadmv=1, {12A646BE-031A-4F1C-BD35-A691BDB28427}
59=loadmv=1, {23290335-C6B9-4F7D-9C58-7375271003AC}
PosPt=Load.loadmv=1, {618C4065-8A7C-4C8B-9985-F50ABB437631}
LoadLoc=lreg=1, {1975AF9A-3412-492F-834A-A2C52CA206A6}
59=lreg=1, {E7BAA87E-44A9-4536-B1DD-5F6111814006}
PosPt=Load.lreg=1, {90EA5C45-348B-485C-84DC-1CF1257E4C86}
LoadLoc=load2=1, {F9A7D13F-5430-4507-A870-A51DAF693537}
59=load2=1, {7C578ACA-E830-4ABA-AA51-7111FE2AB84D}
PosPt=Load.load2=1, {DFE1C227-87E0-4470-BD47-7AC95ABBEAD1}
LoadLoc=load3=1, {795446A2-681E-40A3-8D1A-4EC2F126E152}
59=load3=1, {F970A8C5-8663-4D00-BFC9-C6AFC670620B}
PosPt=Load.load3=1, {E2259F54-FC9E-4AD0-B968-99B6FFBE28D5}
NormAmps=OpLimI_1139.0_1553.2=1, {84D2C69B-C993-473F-844B-756A1BF2DA63}
EmergAmps=OpLimI_1139.0_1553.2=1, {A4AB6102-EE40-48CA-9EA4-0088E544D11E}
NormAmps=OpLimI_690.3_941.3=1, {E51D4404-1F44-4BE6-9851-ED4677A30A46}
EmergAmps=OpLimI_690.3_941.3=1, {579FCF0D-E169-4CAB-90DB-8E6691D24DDD}
NormAmps=OpLimI_394.5_537.9=1, {33CD2C22-0112-45D2-84EF-29E68E12F56B}
EmergAmps=OpLimI_394.5_537.9=1, {C94D1B6A-5374-433E-9361-703ECBAD996C}
NormAmps=OpLimI_305.6_416.7=1, {BCE428F0-A24D-4852-B1E3-541AB722A08E}
EmergAmps=OpLimI_305.6_416.7=1, {50887CA8-2FD7-4ED2-96CC-2B477813B20E}
NormAmps=OpLimI_25.5_34.7=1, {0D322AEB-9704-4127-9906-C1E59965F90C}
EmergAmps=OpLimI_25.5_34.7=1, {DC69C57C-E1B6-4974-8DCD-B406BA061BE8}
NormAmps=OpLimI_152.8_208.3=1, {964C4390-18E0-4A0B-89EC-AA23C98D92B4}
EmergAmps=OpLimI_152.8_208.3=1, {F96D0144-B2BA-48BB-B1A4-07601A0E494A}
FdrLoc=cim_der=1, {0C44B87F-653F-4232-BED0-C581E7E5D665}
Topo=lv=1, {5ED5AE6C-5A77-400C-B6DF-551F0F970B9B}
Topo=house=1, {B8C51A78-CB98-4A28-9F09-6F13B94F7C41}
MachLoc=gen1=1, {236D5E21-5463-4183-A652-A1120ABC4477}
83=gen1=1, {31DE9099-AEBE-46E4-BB25-DB971788345A}
PosPt=Generator.gen1=1, {9DCCEB5C-6EC7-4BC4-BDD0-6E02DD657D72}
ECP=Gen:dayshape:::defaultgen=0, {2DCBBED9-F00C-432C-B92F-AEC4315AAAB4}
MachLoc=gen1ph=1, {74BDE57C-FC2A-4A6B-90DD-ACF0A9030758}
GenPhase=gen1ph_A=1, {7C563A16-BFEE-49AA-A1CA-55F8F1235D5E}
83=gen1ph=1, {A6185E14-5E7A-4678-9920-0AF315CADF38}
PosPt=Generator.gen1ph=1, {B37553E7-1246-44B2-9D81-8152028DE14F}
PVPanels=pv1=1, {97CC7C8D-4A17-4E1C-93D0-0E44056F23D5}
SolarLoc=pv1=1, {808B064B-75E0-4C9A-AFA6-C818E5EDB3AB}
195=pv1=1, {9AF0AB76-A698-44BB-B47F-4FAEC930F54B}
PosPt=PVSystem.pv1=1, {E252DD36-DEAA-4D83-A858-2C61987EFF77}
ECP=PV:dayshape:::tempshape:::=0, {AF7D6E2E-CC00-4014-86A2-11DF4C5227C5}
PVPanels=pv2=1, {9CB78F10-AE3E-4A14-80F8-4CF9C9A232AC}
SolarLoc=pv2=1, {4CE5EA6B-EADD-4F16-9F7B-13B3977288D2}
195=pv2=1, {4CD8FC7D-3CD3-41E5-93C5-6F4DDA79E7D6}
PosPt=PVSystem.pv2=1, {90DFE909-BDFB-4094-892B-C1A8F5176BC1}
PVPanels=pvsec=1, {8CDA3842-9975-4BAF-B8E2-C2CFC9A8C58C}
SolarLoc=pvsec=1, {93DAE6BE-A857-4574-A9FA-05EDCB5DC4BA}
PVPhase=pvsec_s1=1, {9966177A-5775-40EC-813D-0C62857CE43D}
PVPhase=pvsec_s2=1, {56657B50-EB63-47BC-97BE-350427A90D80}
195=pvsec=1, {CE3BCCC4-33F9-4B23-8F9E-544ACE2FE8EB}
PosPt=PVSystem.pvsec=1, {651AA78A-C6E5-485F-B7C2-A20C3A9DFF36}
Battery=bat1=1, {A9D9C941-A1A3-453B-890F-48DB63A92131}
BatteryLoc=bat1=1, {0C4518CF-F8F1-442D-85B3-125790F35B58}
171=bat1=1, {21F3F010-57E3-4E96-ADFC-D34C50A071F7}
PosPt=Storage.bat1=1, {7367BFD3-9F45-484E-B553-C492D90729B8}
Battery=bat2=1, {FCA703F5-0641-4326-90EE-B3A648507E62}
BatteryLoc=bat2=1, {30901821-E319-42C8-98DF-7126F1C4A770}
171=bat2=1, {6E4FE34E-55E4-461C-9EDD-AA3AB0875BC8}
PosPt=Storage.bat2=1, {7B031C00-14CE-4CF2-A88D-F04C4A5A4C48}
Battery=batsec=1, {7BAB36EA-973C-4E64-A346-3CAFB83F6A1C}
BatteryLoc=batsec=1, {3827C57A-9052-44EE-94F2-26332F18BB0C}
BattPhase=batsec_s1=1, {14438E4E-BF81-4471-9814-F64A3C515576}
BattPhase=batsec_s2=1, {5E970AEE-F7E0-4AB0-B02D-292FF0C2E6F8}
171=batsec=1, {3D1C7CF2-F9BA-4EA9-9C9A-7E5D3AC60839}
PosPt=Storage.batsec=1, {84A903E7-3F0C-402B-8E49-14DB52EA2DC7}
INameplate=vv=1, {9F9D922E-69F2-467E-ABCC-5EBF4D390E85}
IApplied=vv=1, {6824B77D-5986-452E-B114-59F97BF8F100}
IVVar=vv=1, {CCFC6095-5EC9-4855-BDF8-7A0DA072E57A}
IWVar=vv=1, {8BDB0107-A34A-416A-8BF3-4D467190DA71}
IPF=vv=1, {E99693EC-56C6-4743-AABC-6A1092C53475}
IQ=vv=1, {C4EFA77E-FF47-45AD-8770-52039C9704F7}
IVWatt=vv=1, {325985CB-B2D8-4211-A820-69E3012E441D}
INameplate=exp=1, {5B007218-B72A-46FE-86F4-9D49D5213FFC}
IApplied=exp=1, {A9D7309B-2CB3-4F73-BBBF-7D5F3123A200}
IVVar=exp=1, {7BBF7538-CDF0-464D-8359-284BBDFF9979}
IWVar=exp=1, {0A17B081-5451-4B6C-9D55-577E8E2DE736}
IPF=exp=1, {BB5DA01D-1D06-4050-930B-C2EDCF13153C}
IQ=exp=1, {F685CD54-8D0E-4588-851F-564235B42BEE}
IVWatt=exp=1, {20E99DCE-2500-4B19-AFB8-883CD4C1CC8B}
WdgInf=ct5=1, {7EB523AA-9C54-4AB5-910F-9AFC470A6E8F}
WdgInf=ct5=2, {EC3D2362-4378-4AA8-B55F-CC7FE2F08147}
WdgInf=ct5=3, {5CE76749-F8AB-4C15-B961-B375DADA1167}
OcTest=ct5=1, {D7604770-C10E-42D2-B569-644988A6EE5B}
ScTest=ct5=1, {2C7A7024-8830-49B5-A229-969DFA30CFF9}
ScTest=ct5=2, {93B23F20-B82F-47DE-8A23-C7ABEDDE9A0B}
ScTest=ct5=3, {BCE71805-9BD9-4CB4-9E2A-70FF8281B9B4}
Bank==xfm1=0, {95482DC4-E786-4C03-8E45-8156A66168F5}
Bank==tpole=0, {0B99552E-C17E-4553-8E21-7D1B812F1349}
XfLoc=xfm1=1, {C4163FAF-1F94-4BA0-BF1C-D917780867D7}
PosPt=Transformer.xfm1=1, {F25794FC-ADBC-40A3-A899-C4EE0E6DBC06}
PosPt=Transformer.xfm1=2, {8AA7561E-56A0-4C8D-AEBE-0EFA57512F89}
Wdg=xfm1=1, {A500F6CE-3D04-40B1-9A44-B6215C09461E}
Wdg=xfm1=2, {9158AFAC-859A-46B2-ADFF-F168817D48A9}
XfCore=xfm1=1, {787F821F-A3EB-4709-B97D-ABAA93A7BB1B}
XfMesh=xfm1=1, {8ADE6CCA-8E02-4210-847E-71F34F84E448}
XfMesh=xfm1=2, {5FC27565-8BED-4F99-AA7C-F4283B783A32}
XfMesh=xfm1=3, {AFF10820-5EFB-4153-A40A-B45AD7301FCD}
34=xfm1=1, {A85811DE-C7E7-48EC-8840-C0DA4B9DD102}
OpLimI=OpLimI_50.9_69.4=0, {D08DB84F-52B6-463F-BD43-46A15AC8B049}
34=xfm1=2, {20DF54AE-FE9B-48F9-92C8-B2E787AB203D}
XfLoc=tpole=1, {B55887DC-63E6-449F-8955-512D62B24200}
PosPt=Transformer.tpole=1, {64BD6768-1736-49C9-9214-F7FB25F5FB0D}
PosPt=Transformer.tpole=2, {E245E4AD-BF26-4D59-B963-E1CC067B1ABA}
PosPt=Transformer.tpole=3, {44BCACCB-B68F-41E9-BB5E-8C72E90D61FC}
Wdg=tpole=1, {FC88F634-BC9C-45F3-BC14-CB0727D0999D}
Wdg=tpole=2, {E5F5FC98-E1DF-4794-B4CC-E19FF7F9A0CD}
Wdg=tpole=3, {33567A52-CF41-4C0C-AC50-5E832774AC56}
XfCore=tpole=1, {B3C64F18-6F14-492F-ADF2-C8ADF4E8E1B6}
XfMesh=tpole=1, {417DFF02-F3FD-48EB-A17E-44ACDDFC14D2}
XfMesh=tpole=2, {1606FECD-9DBA-43B6-B1D6-682699BE498E}
XfMesh=tpole=3, {D79D60E2-4F85-4154-944A-68DBA529CEAC}
34=tpole=1, {EDE318AD-B70D-485D-AF72-3FA399627B39}
OpLimI=OpLimI_11.5_15.6=0, {AE2DAE53-339D-4B28-A8BB-0F31052481FB}
34=tpole=2, {DC014014-F51F-40B4-A4E5-F0E5A5F0419A}
34=tpole=3, {21B229C4-5537-4326-BC40-F3938568A785}
NormAmps=OpLimI_50.9_69.4=1, {9C437850-0B1A-46BA-96FC-B6D7817B6051}
EmergAmps=OpLimI_50.9_69.4=1, {E0E949BF-48C0-4562-AEE1-8481BBF53A25}
NormAmps=OpLimI_11.5_15.6=1, {0D0AF230-F4FC-4A7D-A2E2-CF1F6C1449F4}
EmergAmps=OpLimI_11.5_15.6=1, {47931070-CC1C-40E5-8C09-A3F37C379A7B}
