Circuit.ieee13nodeckt, {EF54B8B0-C3C9-404D-BAA7-A0621D89B62D}
Bus.sourcebus, {A1608374-4E6E-4F35-9230-DD30E2565083}
Bus.650, {172D76BF-235B-4782-8802-E9A3B892F98A}
Bus.rg60, {A7B869C4-E5B3-4972-9499-B522E30944EE}
Bus.633, {B8DEE164-AA20-4DE8-A682-80E4BC97A9F5}
Bus.634, {E945FDDB-7C78-4D34-8865-287DC33A69BD}
Bus.671, {2F2522CB-2C02-4092-9315-05D2C31B7446}
Bus.645, {A28EA553-C069-4166-8BB8-213FD193F270}
Bus.646, {18B24374-8727-44C7-9250-73A0FA31D715}
Bus.692, {A1AD3055-60AA-4D80-BA36-C40DD4A4A5AB}
Bus.675, {A8C0BD4A-9C70-4485-A32E-E86AADA6A849}
Bus.611, {9EEEA2BC-9306-48F3-A449-651188A595C1}
Bus.652, {0EC9EA9D-FE9D-40E5-9D5F-1C08F12B8E4B}
Bus.670, {5CE9538D-B1A8-4FE2-9DB6-DCF9D94FBD13}
Bus.632, {F27D60C8-2A1E-45F9-965A-08B2B4025551}
Bus.680, {72C2A3ED-4D73-41D0-9655-0E580A81E743}
Bus.684, {07A85DB6-401A-46BE-97FE-B9C428CF0FF6}
Vsource.source, {5B21F508-3EB3-4C4D-ACEE-E6729CD3BBE9}
Transformer.sub, {17CCF92F-0687-4A93-8F2B-6839D2955778}
Transformer.reg1, {BB51ACA7-3B76-479F-B78D-EAC96D287F08}
RegControl.reg1, {6B5A90DC-EC41-422A-9604-E9758506C14D}
Transformer.reg2, {48E3BE71-51C3-43D6-BA9C-CEC7DAC5C715}
RegControl.reg2, {C94B4FE4-C33E-42A1-8E0E-60A50E01CF9B}
Transformer.reg3, {0E67567C-E157-4912-81AD-2F84C4FD54D1}
RegControl.reg3, {99F480F7-F5D6-4AF8-A412-75F376F87841}
Transformer.xfm1, {AAE281FA-327B-4867-A65F-5F568D7AC793}
Load.671, {B2AB9A0D-CED2-4CE3-8394-DF8788FF1D12}
Load.634a, {995E3C2A-B72F-461C-95F8-D106153F677F}
Load.634b, {3E4D6FCB-188B-45B2-85D0-5875A2E52007}
Load.634c, {4987F7EA-E0C0-451A-A949-2A82F69C2064}
Load.645, {D0B339CC-4CB0-4AA9-A40C-125EA67C67F5}
Load.646, {9CE7ABFE-6952-4035-80F6-FFADD7B0C6C0}
Load.692, {850B91E5-1BD0-41BE-8E9D-0425800F9B27}
Load.675a, {69A8DA61-8CB0-44A5-8E92-F77EE61E1134}
Load.675b, {A8201E50-4645-4EC3-9147-696D54A59A64}
Load.675c, {D4003692-40AF-40EC-8DF0-B134F90F4983}
Load.611, {9511E823-BDF5-4DB5-8E1A-2F242CEA761E}
Load.652, {1A7566DB-982C-4292-AB99-66FC1D864700}
Load.670a, {DEF01D8D-DD58-46C5-B817-2F696091CCFA}
Load.670b, {0E438EC9-A891-48C2-901F-CF26F97A3679}
Load.670c, {A93BB2FF-EE8F-446E-AE8F-83041056B615}
Capacitor.cap1, {3EC3A1E7-A83A-4B91-97CA-44624671BCDE}
Capacitor.cap2, {498E3180-5751-4DAA-A1E5-B7AEDDA6F1DB}
Line.650632, {F13C7E3A-1A9F-441D-8149-E497CBFD4425}
Line.632670, {B81D6EC0-6126-4D61-96BE-AC8966C3E345}
Line.670671, {F0540872-2643-4036-A5BE-F3381CEF092A}
Line.671680, {E608B7B2-A6BC-4E4B-9756-CF06CCA67FB1}
Line.632633, {1B50F56C-835B-4081-BD61-6A1BE62E6645}
Line.632645, {05DBFAF3-09A2-4152-AAC2-DD7F309E9BEF}
Line.645646, {EA79C84E-30BA-44B2-AAE9-72F2D1CC1F1A}
Line.692675, {CB31FB42-1A0E-4A4A-8FC0-EC0AC3C10E71}
Line.671684, {E0DC1A9A-E60A-45C7-8260-B65110B541BC}
Line.684611, {ACEEAB99-765B-4292-AD90-FE3ACF9FA178}
Line.684652, {6FD7A26C-919D-4E8C-B386-B10379344664}
Line.671692, {CCE61AC2-4B46-4CFA-9318-0CB64775642A}
LineCode.1, {DB19DD14-4CBE-4880-9D85-67253F87603F}
LineCode.2, {2B04CB6A-9155-43B7-9958-46FAF35F859C}
LineCode.3, {905D0EA9-67D3-492C-A0E4-971C1B215FD3}
LineCode.4, {C735FB1C-8A24-4A43-92C4-8158A9ED0449}
LineCode.5, {D2E34F58-2456-459A-888A-C9A2710D540D}
LineCode.6, {1B2A8FC5-8218-4A58-B5A1-F842E5F9F143}
LineCode.7, {A2E86C65-7A9A-4F22-A554-FF4F5A593F04}
LineCode.8, {63F7D850-87C2-4358-A452-1D5DCD2866A0}
LineCode.9, {85865766-F84F-4C35-B6AA-2DEE6925D476}
LineCode.10, {4E905F4B-E496-400E-99F0-747A3AE2B730}
LineCode.11, {05C9AE8C-F88D-4979-80AD-07DE14F8B5A4}
LineCode.12, {12F8296F-4102-4430-9A9E-8D67B78530AE}
LineCode.300, {A09FCDC6-0731-4467-9542-6EF84917DA42}
LineCode.301, {185AF69D-712C-4969-9A2D-DD64C3779E89}
LineCode.302, {C6615281-0207-423A-8944-D312DFBEDE77}
LineCode.303, {8A663EEE-1CD5-44DF-91E1-C3163C94BDA9}
LineCode.304, {A983B8A8-F25D-4BB9-8243-F70210E6B09F}
LineCode.400, {74A5A9BA-F696-4018-9BB4-AD8DFBD1FD64}
LineCode.601, {5CEED154-B823-458B-9E13-FAAB8587E1BB}
LineCode.602, {57372C70-F074-4316-9E2D-6C729E076D2C}
LineCode.603, {0B03D999-45A2-4FA1-B18F-986100458621}
LineCode.604, {AE3C3E62-F321-4058-AC9D-6C2646CC7BE3}
LineCode.605, {E0A0CAA6-02AD-4E54-BA3D-4CC666CBDC26}
LineCode.606, {8A82EA5E-05AF-4236-8A88-4AA04EDD5D96}
LineCode.607, {C0248AEA-7F26-4F2F-9664-917CACAA5BB8}
LineCode.721, {6DD4AA1E-48C7-4313-B941-5953F671BBAF}
LineCode.722, {543E0AED-3489-4F4C-B6D7-55D826932140}
LineCode.723, {CFB2B395-DA57-43BF-B4E7-B1B9AB4657ED}
LineCode.724, {9169CECE-758F-4BEC-B0A7-AAD654206F6F}
LineCode.mtx601, {65D2CA21-E254-4EFA-8A64-F825122C2F2B}
LineCode.mtx602, {FBEC1C18-834C-45E0-8938-4EFAE02CE8FA}
LineCode.mtx603, {97B29036-9F54-4689-A83D-361079948ADF}
LineCode.mtx604, {AF0722B0-76BF-4B6C-95C5-70B2CD4CE7ED}
LineCode.mtx605, {9FC62E1D-60FF-429F-BC20-F77FCDFBEBE1}
LineCode.mtx606, {8FB13FED-1100-4CF2-826C-531AD6A3A3B8}
LineCode.mtx607, {92661C12-B959-4F99-A3DD-57BDA9054C67}
XfmrCode.cimxfmrcode_reg1, {334140C6-CC98-4423-9F30-58DCA53CA5ED}
XfmrCode.cimxfmrcode_reg2, {A9F15D3E-1978-44A6-B173-38BEC653A40E}
XfmrCode.cimxfmrcode_reg3, {D91A9BD8-AA30-4802-8AD9-D8E9B550FCC1}
Station=Station=1, {3B7D6E64-A3A0-436C-8CAF-B75894EF3389}
GeoRgn=GeoRgn=1, {589AA0FE-205A-4183-AA34-A8FF812CF6E9}
SubGeoRgn=SubGeoRgn=1, {48C9C36B-AD43-4E80-91AC-0E805CBEE570}
CIMVer=IEC=1, {0D7E6C7D-125B-472D-90F4-A2F58358277C}
CoordSys=Local=1, {A7E7F313-1EB7-4ABD-8A78-046A58768760}
FdrLoc=ieee13nodeckt=1, {B073457A-9437-44D1-AA8A-1ADFF52732DB}
TopoIsland=Island=1, {28A9F131-61CA-495E-8CB3-70ADC6438BDF}
OpLimT=NormalAmps=1, {02A7C1F2-B7AD-48B2-A31C-C773D526C4CC}
OpLimT=EmergencyAmps=1, {71814F2E-3E6A-480A-8ACD-FB18DB19536E}
OpLimT=AHi=1, {FDA7B081-26AA-445E-A525-F7D5F6AB32ED}
OpLimT=ALo=1, {72DB37DE-821E-42D4-B805-2F49A067C7BE}
OpLimT=BHi=1, {B4D2C1B3-0BC6-4605-99FF-0D8E65881241}
OpLimT=BLo=1, {82D90D95-C6EC-4298-B451-9160BF444877}
BaseV=BaseV_115.0000=1, {F4F1E25E-CD13-4FE3-9CFD-1D5E5C5DBCDF}
OpLimV=OpLimV_115.0000=1, {93941117-4795-496E-9BD5-BA753F9D7DCB}
OpLimAHi=BaseV_115.0000=1, {E0B17DF3-98F5-4230-981A-49C5A0E33E89}
OpLimALo=BaseV_115.0000=1, {B482E844-3910-45F2-8A51-6D7436E24A4E}
OpLimBHi=BaseV_115.0000=1, {54AC9337-2082-4EC7-9512-8E72C4221D64}
OpLimBLo=BaseV_115.0000=1, {261A781B-4AA6-4D99-9173-D5ADEF5E459F}
BaseV=BaseV_4.1600=1, {6717A401-D050-4F1F-B938-267199BDF74B}
OpLimV=OpLimV_4.1600=1, {F07AF00E-228A-4E9B-9C93-8B3D1A732276}
OpLimAHi=BaseV_4.1600=1, {F8A4E20A-C6E2-4321-AC77-FF4EC0076BD4}
OpLimALo=BaseV_4.1600=1, {858D167E-5767-4D7D-9628-FE387FA3CCB4}
OpLimBHi=BaseV_4.1600=1, {77ABB13E-B6FE-4AFE-A5A9-65AA87FDEF2B}
OpLimBLo=BaseV_4.1600=1, {A75C26C2-B431-4E0D-897A-9FC443D5D043}
BaseV=BaseV_0.4800=1, {BAD26297-7036-47FA-9F4D-06602CD3D144}
OpLimV=OpLimV_0.4800=1, {E38F5294-5501-4A06-ADFB-AB12FB5C0CC1}
OpLimAHi=BaseV_0.4800=1, {21174156-4C00-43C1-B8BB-74E0BFA625E1}
OpLimALo=BaseV_0.4800=1, {AE1D058B-A58B-4D29-81A9-13F5DD5F7A0A}
OpLimBHi=BaseV_0.4800=1, {86D5B5CF-B124-4F55-9BC4-1AF83ABF4410}
OpLimBLo=BaseV_0.4800=1, {BFDCD433-512C-4675-80FA-E8C29C74B816}
Topo=sourcebus=1, {FD8117FD-B5FE-444A-AAD2-5B363EA248D2}
Topo=650=1, {376E4D35-EBF2-486F-84F7-DBAF20E18505}
Topo=rg60=1, {80583D4E-C209-4407-8409-040FEB114AD4}
Topo=633=1, {02D42E77-18D5-4959-B14F-DF67A13AE3E9}
Topo=634=1, {A5BBCAD8-EEF4-4A14-9519-4CAA7E6704D0}
Topo=671=1, {B060F075-A5C4-4E2B-BFEA-932899F4FA16}
Topo=645=1, {7D5FE17E-079C-44FC-82E3-2E44E5D83E75}
Topo=646=1, {ADDCF521-1135-4140-B0F7-C33E036B8FB7}
Topo=692=1, {D7CEC3AE-651D-4B32-AB4E-B3D9F4FD3D24}
Topo=675=1, {8184AA43-ADDC-4387-A7CB-27B9762EECA3}
Topo=611=1, {5560DA92-872B-46E8-8FB4-810CCD1F5E95}
Topo=652=1, {86E618E1-3A22-46FF-A9D9-7E44DFF1A567}
Topo=670=1, {08E57D01-452C-4B89-9CD8-81A33B73AEED}
Topo=632=1, {8F1AB974-EC0F-4343-A2F6-8F0A0BE07F31}
Topo=680=1, {8AB131D4-D2EE-44F1-827F-39140C5FB5D1}
Topo=684=1, {24F297BD-E302-41CE-B114-09E98E647BA3}
SrcLoc=source=1, {D9B4615B-995D-49F9-8975-0B55AA9C347B}
25=source=1, {ABC9391D-EAD0-4B55-B1A6-DF8E076D71B5}
PosPt=Vsource.source=1, {E86C6F66-5029-47C4-A35C-D8A1A32156BC}
CapLoc=cap1=1, {C5B130A4-EF93-468D-806A-4A9D27191824}
106=cap1=1, {D83E553A-0DB2-4837-A21B-D20F90407F23}
OpLimI=OpLimI_112.4_149.9=0, {39A7A8D0-EDFB-4BA4-BD2A-DBC4050A33E4}
PosPt=Capacitor.cap1=1, {AC70F3B6-A3F9-49BD-980A-F3EF4CE4A533}
CapLoc=cap2=1, {44B62B37-E0A6-4969-BBB5-D395EF35F706}
CapPhase=cap2_C=1, {41B76B3B-23A0-4ECC-9F36-04AEDCBE3C6D}
106=cap2=1, {5E88B447-017E-409F-A68E-D89DFB71997D}
OpLimI=OpLimI_56.3_75.0=0, {C6E805B7-FA4F-4D63-841A-93F615045141}
PosPt=Capacitor.cap2=1, {493F7008-AB51-4CC5-B0D1-0B1AD52BF685}
TankInfo=cimxfmrcode_reg1=1, {334140C6-CC98-4423-9F30-58DCA53CA5ED}
TankInfo=cimxfmrcode_reg2=1, {A9F15D3E-1978-44A6-B173-38BEC653A40E}
TankInfo=cimxfmrcode_reg3=1, {D91A9BD8-AA30-4802-8AD9-D8E9B550FCC1}
WdgInf=cimxfmrcode_reg1=1, {BFC8F298-9E68-4A03-A950-D9EE85DECAD0}
WdgInf=cimxfmrcode_reg1=2, {4C8D2149-5B4C-47F9-B5BA-16D3EA482684}
OcTest=cimxfmrcode_reg1=1, {BE939C2C-3F25-4E73-81D7-05AE6BCC9DB1}
ScTest=cimxfmrcode_reg1=1, {82625EBC-D0D3-4DE4-97DE-C0BE3DDA23C5}
WdgInf=cimxfmrcode_reg2=1, {27C5C971-2952-4008-8989-AFE7F3B77E04}
WdgInf=cimxfmrcode_reg2=2, {ED894F8C-2166-4D87-BADA-EADC23D0D1E8}
OcTest=cimxfmrcode_reg2=1, {535AF840-9C17-4039-B602-D3331503E7A0}
ScTest=cimxfmrcode_reg2=1, {3D21CAD2-7922-4357-AA11-F78CC06C708E}
WdgInf=cimxfmrcode_reg3=1, {295AC008-75A6-4C50-A859-A2806E73FCEC}
WdgInf=cimxfmrcode_reg3=2, {C70B40C9-54C7-401B-A5C6-0A114294EF0B}
OcTest=cimxfmrcode_reg3=1, {80045D46-1F60-4BE9-A58F-FC58E510941B}
ScTest=cimxfmrcode_reg3=1, {1BBA9DB2-4E94-48E2-94D1-93A79E65622E}
Bank==sub=0, {F5F7020D-E47B-4C9E-A1C1-775C6A4E07D8}
Bank=reg1=0, {8999FC8A-6E0A-41ED-8B68-D5EC7AC27B1F}
Bank==xfm1=0, {5F3373C8-C345-4C61-BE31-5FB0FA3D7BE6}
XfLoc=sub=1, {A1B5238A-A735-4CEB-A639-9147D9641797}
PosPt=Transformer.sub=1, {7ACEE07F-02F8-4332-AC2F-F9EB6C202BF1}
PosPt=Transformer.sub=2, {2C79CC7D-AE3C-4C4D-8DB4-C084C36BB749}
Wdg=sub=1, {EEA1C99E-2F50-4AE3-8C32-D87C097C7D34}
Wdg=sub=2, {A5FCDDA2-4A97-410B-BBD6-CA7D762F957C}
XfCore=sub=1, {EAF30E4C-0BE5-48EE-ACE0-6280C355C91D}
XfMesh=sub=1, {53BA0D5E-2DD1-4763-8672-95D532F5202A}
XfMesh=sub=2, {0975CA7E-AE5C-41F8-B997-19247254E553}
XfMesh=sub=3, {0FF0D890-D93B-4F9C-8251-BA589F6E5445}
34=sub=1, {43CDEB24-9511-4AF3-865F-8289B08F027F}
OpLimI=OpLimI_27.6_37.7=0, {54E9497B-DC6E-4FE8-B619-22C6485B6890}
34=sub=2, {7EE22872-25EB-42F1-B7DD-4FE82AE1D903}
XfLoc=reg1=1, {410AD48E-D7DC-4D1E-8764-7E3616E12849}
PosPt=Transformer.reg1=1, {824B44D9-266B-4274-B7FD-CDABEA9D2C39}
PosPt=Transformer.reg1=2, {7C9B3B38-8D54-4D30-B4FB-B6948F9018DE}
Wdg=reg1=1, {62A0E86C-CD22-449E-B0B6-230E8D56C3F7}
Wdg=reg1=2, {85BB3AA2-3577-4DFE-939F-1D0AC128555A}
XfCore=reg1=1, {48E41A45-C4F4-4736-B966-DD165422BB09}
XfMesh=reg1=1, {B387688F-73BC-446B-9170-0208F26A7390}
XfMesh=reg1=2, {7ECFF8E2-4E29-47F6-B2DD-D33DD343CEF2}
XfMesh=reg1=3, {39A05EAE-CC55-471B-8D9F-F85DDD8381C9}
34=reg1=1, {F6B3A725-2416-4FC0-B4BF-0B402EF686C6}
OpLimI=OpLimI_763.6_1041.3=0, {DE0EE252-3F6C-48AD-A7C9-2E2A2A451969}
34=reg1=2, {6E2EF72C-1DDD-476D-BB1D-1D2B5C4EEB85}
XfLoc=reg2=1, {42CD277B-C0EC-4D7E-A2E7-1FD33AE2BE47}
PosPt=Transformer.reg2=1, {D073E3B8-09B4-4D7D-9F68-A5556C3773E2}
PosPt=Transformer.reg2=2, {7234CEE3-F493-42A0-819B-CC0261AC195F}
Wdg=reg2=1, {4886C6FD-A8D0-4755-A8DB-0D010BCCC152}
Wdg=reg2=2, {29FCF6CD-52BF-45C0-8E14-B28939E6926B}
XfCore=reg2=1, {8F32164F-3188-4421-BAC9-E78DA8CF2A43}
XfMesh=reg2=1, {781D1418-E532-4A4C-AF4A-EF8973879093}
XfMesh=reg2=2, {A61C971B-33AD-48F4-B8C3-2F9CDAB372CA}
XfMesh=reg2=3, {22263CC8-B94A-4299-A3DE-FCD31652BDAF}
34=reg2=1, {C606DC51-3536-49F2-B6B6-4FEDC69250D7}
34=reg2=2, {9E059B73-900D-4D82-9D0A-249265C7B42A}
XfLoc=reg3=1, {D120D57A-1369-4224-B371-8A64D6ADCC22}
PosPt=Transformer.reg3=1, {CB64DDD2-5B05-4B43-8A27-5F24FB527267}
PosPt=Transformer.reg3=2, {A6E6432D-EF3B-4C4D-8353-5F6A4A6A3A43}
Wdg=reg3=1, {9D476D95-BAAA-4C47-9924-890C0F2077CA}
Wdg=reg3=2, {FAD93D88-7505-4894-A5F1-33A3D551AC99}
XfCore=reg3=1, {DD5F4EBF-3E77-45C6-9495-3C01A3374AE6}
XfMesh=reg3=1, {4E530818-788D-4752-A0F8-0930574ED1BD}
XfMesh=reg3=2, {03C1E175-FA2D-48BE-8F02-CEB479AFC127}
XfMesh=reg3=3, {43425B72-09B8-4529-B42D-E5B4B9E27EC2}
34=reg3=1, {E81EA3DB-EB53-4706-8C47-9AFDC1BE05EE}
34=reg3=2, {C8906968-DC0A-4FF1-A171-86615B855DEC}
XfLoc=xfm1=1, {95D83F6E-A98E-4020-8809-457E56CF68A6}
PosPt=Transformer.xfm1=1, {CEAB974C-1458-4444-93B7-A7BD4030287D}
PosPt=Transformer.xfm1=2, {BF12B4DE-F6FE-4350-B4D6-92D5F78EEF00}
Wdg=xfm1=1, {A894292F-9CD7-4C06-8EBE-530C38AA07FB}
Wdg=xfm1=2, {557FCDB5-2C6B-414D-9F95-04FAA166449F}
XfCore=xfm1=1, {80192348-DFA4-4DDF-ADAC-93A198B58A35}
XfMesh=xfm1=1, {E58BC054-CCA2-4F8B-8BB5-F569DA3F128F}
XfMesh=xfm1=2, {833448D8-D663-4BB9-AE50-8EB3EA068FD8}
XfMesh=xfm1=3, {4F1135EA-CC67-4183-AD39-B61799C8AC66}
34=xfm1=1, {B5113C28-9B4B-4614-96EC-287852434123}
OpLimI=OpLimI_76.3_104.1=0, {BA36D844-3526-4194-8086-434799EC9638}
34=xfm1=2, {7355FD8F-AE45-4178-AAF5-8517D4435BC9}
TapCtrl=reg1=1, {3CCD0FCE-422A-42AA-9C38-11979FCB5D6E}
TapCtrl=reg2=1, {195C74B3-00FA-456B-AD8A-FBE24FDFB2A5}
TapCtrl=reg3=1, {F9946D15-13D8-45B7-BCAE-358B6FD18635}
LineLoc=650632=1, {53BE1885-ADBE-46F1-959F-FD28CA5AC3B2}
LinePhase=650632_A=1, {3B13E53C-CB15-4E7E-91E7-57E87D7DB3CB}
LinePhase=650632_B=1, {0C76F116-455E-4D3E-8675-69F0EAC9E11E}
LinePhase=650632_C=1, {33312FE4-2911-436A-B438-A3E1A8EA9D3D}
50=650632=1, {B6B3DD6D-B10C-4078-A826-EC0EF339C52A}
OpLimI=OpLimI_400.0_600.0=0, {96E8328C-B774-4593-95EF-BB7B742B9687}
50=650632=2, {A2F5BD76-14DD-4803-9745-972AF1708781}
PosPt=Line.650632=1, {DB5E3AC2-08DA-496F-83EE-8AB9F8B36209}
PosPt=Line.650632=2, {84424BF3-0847-45A5-B0BA-37A850E6DC04}
LineLoc=632670=1, {CA92C3F8-0A6F-466C-8F47-F898DD8CE33D}
LinePhase=632670_A=1, {2F8D5C6D-F1B0-474F-85DE-AFA06C57AC5F}
LinePhase=632670_B=1, {1A427BDE-6CDC-4CD1-8E69-1075315B1879}
LinePhase=632670_C=1, {A266B1A3-36A9-4076-8754-4B39B11596C5}
50=632670=1, {596EBF45-C742-492D-9DB4-2A4BDB7D950F}
50=632670=2, {B1259D41-7798-44C5-B38D-B5C39D5CED10}
PosPt=Line.632670=1, {886B7DA4-F2B1-437D-992C-6B4666A19AF5}
PosPt=Line.632670=2, {AA385C40-747E-45AA-BA10-32DD7D141C84}
LineLoc=670671=1, {820F0612-DE01-4C65-A8DF-F27BDDD11F91}
LinePhase=670671_A=1, {9BD9361F-0E43-4CB7-93C0-2C09BFA61E85}
LinePhase=670671_B=1, {4147DF9C-3216-4945-9C58-992287C2E0C0}
LinePhase=670671_C=1, {1105EFE4-C0D4-4D14-A16B-5F5FB8277E5D}
50=670671=1, {C0F47F70-51D1-4250-92DD-8D5878CFE503}
50=670671=2, {A02533C5-AAB2-4779-B21F-2660963308B6}
PosPt=Line.670671=1, {5FA81B3E-7BDF-4D60-B617-069075139919}
PosPt=Line.670671=2, {6CAAF61E-94B2-4771-AF12-494774BEF57C}
LineLoc=671680=1, {077F3DF2-E268-44B6-A84E-AE68F793EF6A}
LinePhase=671680_A=1, {B4763165-C1CC-4E34-BE19-9AB2687F3914}
LinePhase=671680_B=1, {0B791BD8-F27F-4097-85E3-26441ED683EE}
LinePhase=671680_C=1, {7F904687-D1A5-432C-A72F-E39EB3CCF39C}
50=671680=1, {3BDABAE0-857F-4A8A-B647-0C4113AC1441}
50=671680=2, {9D0D2848-77FA-427E-856D-7E8F0E626A27}
PosPt=Line.671680=1, {70DC9C9B-2332-4481-AEC9-2A787B33D6C5}
PosPt=Line.671680=2, {970CF4B8-38E1-4ED1-850A-E34118FA41A8}
LineLoc=632633=1, {356C823C-DE7D-434A-B3E4-5A0C1924BB21}
LinePhase=632633_A=1, {2C4F6612-1C47-48D7-BC8E-D71682F94F5A}
LinePhase=632633_B=1, {742C9E94-4F63-4245-AC94-C78E428E054A}
LinePhase=632633_C=1, {10202085-C6F6-4BD4-B184-FABA765771B7}
50=632633=1, {23DEDD04-A6AC-4CC1-A429-8BEDE45892E2}
50=632633=2, {A75EF285-7500-4E02-951C-9FCA9C125FF4}
PosPt=Line.632633=1, {47B825F8-399F-4433-84A6-36F27EDD24EC}
PosPt=Line.632633=2, {A5A8A6AD-9E41-4365-95FE-3D6688F60952}
LineLoc=632645=1, {F3CF1523-F988-4EB4-9F7E-C781060069B5}
LinePhase=632645_C=1, {F32D6A80-EC62-4729-917A-B0BA62597D2C}
LinePhase=632645_B=1, {EE083CC3-A0CA-4E88-BDEF-FEFE347F47F3}
50=632645=1, {6FE7DB71-279C-4B31-BA74-665C3A262BA6}
50=632645=2, {BF986ECE-7245-4AD8-90E1-0FF63ED38A5D}
PosPt=Line.632645=1, {4601B1CF-F86D-477E-9A7C-E6184AA8C8E1}
PosPt=Line.632645=2, {C084407E-93F0-4465-AD03-E15ABCA3EAB8}
LineLoc=645646=1, {85B3EF35-585F-4341-856E-14525C1AD4E6}
LinePhase=645646_C=1, {0D261371-3145-4C54-A788-A90B2CFF6841}
LinePhase=645646_B=1, {AA5018C3-8FD0-48B1-9CD2-9A457D70C49B}
50=645646=1, {F3DCFE1B-3F7A-4E6B-8D38-AFCE7E6EFBF8}
50=645646=2, {8CC6AC43-8DA1-4DAB-B3DF-423E08808222}
PosPt=Line.645646=1, {7A3D6400-9C8A-4ADC-A4F0-75F8B041F984}
PosPt=Line.645646=2, {0F17EF3F-329F-4DB4-81B3-0084A1099437}
LineLoc=692675=1, {634A8477-1E81-4278-B095-AB0A5970C474}
LinePhase=692675_A=1, {8DDB0D87-2C90-4435-B94E-2ABE01664888}
LinePhase=692675_B=1, {E83FD33A-A35E-4873-9049-8F1EB9BFC346}
LinePhase=692675_C=1, {A5A679F2-26BF-472F-911B-315D8C41F1A9}
50=692675=1, {E785C350-C35F-443E-9C0C-B6F867AF13E2}
50=692675=2, {40730031-0701-42A8-9FF4-FF49CA32E49A}
PosPt=Line.692675=1, {A3AFA221-AB42-44D3-A3D5-9E7115600161}
PosPt=Line.692675=2, {78D07799-020A-4A4E-B883-1F50250E4C6B}
LineLoc=671684=1, {83E19C1E-8CA3-400E-BA15-9BD371CC976E}
LinePhase=671684_A=1, {AB816849-18D7-42EE-9647-82EF83A05F98}
LinePhase=671684_C=1, {D8F77B69-83FE-44E9-8FB3-89CEE18B481B}
50=671684=1, {93950228-875D-4392-A4CE-10E888039F84}
50=671684=2, {2279102B-E64C-4070-9168-068C48453982}
PosPt=Line.671684=1, {48EF938E-022F-477C-8340-6758FD284019}
PosPt=Line.671684=2, {4F7B2D59-18E2-45A3-8396-1141F7221AE4}
LineLoc=684611=1, {4915BE37-BBA2-49E7-B0BD-E6F8EFE31A9A}
LinePhase=684611_C=1, {CE24E635-FCB1-4EA1-97BC-195D51C1058B}
50=684611=1, {85519BDC-DD4A-4536-B2BA-B03F4CC49CB8}
50=684611=2, {245C27CC-4F45-4CDB-9A85-6A7A617D88A5}
PosPt=Line.684611=1, {AFDD2114-4D63-4D92-9FF9-67801C7B6A45}
PosPt=Line.684611=2, {AFDE5DFD-FF8E-4E18-8C4F-4ACED8ADC775}
LineLoc=684652=1, {BF2E59CC-2C34-4EEB-AB98-59C45BED07E7}
LinePhase=684652_A=1, {3A796259-4D59-48FC-AE5A-4C8E4F787B55}
50=684652=1, {B2A2262D-ECB0-4623-88E4-B6CFD65D3D76}
50=684652=2, {28640C47-1F7B-4729-8A57-7EA597B99D05}
PosPt=Line.684652=1, {7717BB50-C0C6-42FC-B102-F0BD72B7208C}
PosPt=Line.684652=2, {B3E24932-7F54-487E-B69D-9C1D4B42D62D}
LineLoc=671692=1, {92BCDA60-829E-427E-94D8-C5D031F32214}
50=671692=1, {A99FB373-1FA5-452B-BC2F-0798834FFD43}
50=671692=2, {9113CE26-F765-4DA7-9FB3-74EB1F4664F4}
PosPt=Line.671692=1, {0A3A900C-73D6-433C-836C-DEE41AFB7D67}
PosPt=Line.671692=2, {A890D761-D53B-415A-9FBA-5717A683936D}
LoadResp=ConstkVA=1, {499B0EA6-70C2-42E1-8FEB-FA9BD0F0560F}
LoadResp=ConstZ=1, {FEBF2D96-B78B-4180-98D6-68CFDEB3D372}
LoadResp=ConstPQuadQ=1, {0F4C3815-6B7B-4EF5-BE23-760AAFAD0C39}
LoadResp=LinPQuadQ=1, {F9B711EA-D3D7-4715-8C4A-3ED11F95FBEA}
LoadResp=ConstI=1, {DD4705FB-4806-4809-92CB-8EA5983C4B33}
LoadResp=ConstQ=1, {FB3F6774-370C-4CBF-9DF5-B99FE74124B5}
LoadResp=ConstX=1, {B3F3F41F-74E5-41DC-82EB-82B9CBEAD221}
LoadLoc=671=1, {5186F18B-1443-463C-A1B9-6FECD1DCA89B}
59=671=1, {1052C307-A5D1-41C9-B73E-B97AFB0ABA91}
PosPt=Load.671=1, {CB73C310-8BC4-4CCC-8661-6D95F6141764}
LoadLoc=634a=1, {9A20CA36-6B84-48C9-9771-F95C274F74B7}
LoadPhase=634a_A=1, {2919056C-0AD4-40AA-94A8-9A49A85518EA}
59=634a=1, {D3E177EC-0E16-4D7B-B251-BB3191A5A868}
PosPt=Load.634a=1, {EBF66238-AAE5-414B-8B35-AD77888BC7D6}
LoadLoc=634b=1, {EBF67081-C26D-4B8A-AFE2-5A9E5E5FEF7B}
LoadPhase=634b_B=1, {686094F6-8E86-4E31-9363-43C89DD000E5}
59=634b=1, {DECD1424-9257-4D69-BE17-D59C4C1D41E1}
PosPt=Load.634b=1, {F7FBD165-E1A6-4697-A529-521AF4733724}
LoadLoc=634c=1, {7D401856-B592-47C6-BFA4-BD0ACC1E92FD}
LoadPhase=634c_C=1, {500038C4-60B7-4014-88F1-2B89DABC2D59}
59=634c=1, {C9CE2EE8-3E14-4358-9927-3DFA78D42FF1}
PosPt=Load.634c=1, {2BB06AA9-617D-4625-9142-C2841786D8EC}
LoadLoc=645=1, {BD456B2B-94C5-4DBD-9DBB-C96E79B748B2}
LoadPhase=645_B=1, {47E9DE56-2B65-4212-8026-2F2F9F18D7E3}
59=645=1, {0D7F60EB-837E-428A-AB32-1C07C7BBABC7}
PosPt=Load.645=1, {F8374434-B0A5-4E7F-8E2B-0A1BF00ACCDF}
LoadLoc=646=1, {D02070C7-E35C-4A6F-AF1F-77BEA3BCB4B3}
LoadPhase=646_B=1, {2AEBC160-413C-4DEA-BC27-0C494A169F1B}
59=646=1, {933D9E76-D5D4-4B1F-AE34-8D11BCE2CD41}
PosPt=Load.646=1, {32FF419B-E43A-4DF2-96F5-5B10B7FD616C}
LoadLoc=692=1, {83627336-8053-4F6F-8DCC-A6A988E1763C}
LoadPhase=692_C=1, {2F0B00A3-F8DF-43AB-AFE0-A6D0232F535E}
59=692=1, {26E4134F-BD2A-4F74-AAFD-08B71E0CF961}
PosPt=Load.692=1, {A0F6AD7D-2C42-4570-B1F7-CD18AC1F124C}
LoadLoc=675a=1, {B556C4FB-0EE4-4CBA-A442-C785EC595AE3}
LoadPhase=675a_A=1, {506389FA-5A93-48D7-BE91-B4D64AD536F2}
59=675a=1, {CF68FA65-616F-49AC-91E8-8108EC574ABE}
PosPt=Load.675a=1, {DD82178A-DB7D-46F7-9B70-24525E9EE10A}
LoadLoc=675b=1, {B4535888-5F79-49E8-905F-D46FDC7822E2}
LoadPhase=675b_B=1, {1F7A67C3-6A47-4945-A837-BF0355CC5392}
59=675b=1, {A28FD3E9-119B-4C4B-8D37-3BAACA0584AE}
PosPt=Load.675b=1, {77CE80E8-B555-450A-9763-EE3AA1915F90}
LoadLoc=675c=1, {EB61871F-B8C0-4728-B87A-A5554E7C852B}
LoadPhase=675c_C=1, {EB62630A-1266-48DD-8570-36D265E4EE6C}
59=675c=1, {3D75BD7D-70A8-4687-B6F1-D79C33E6FBB0}
PosPt=Load.675c=1, {45F1FB5F-4387-4DEB-87D5-1C1509FB8861}
LoadLoc=611=1, {45308A37-2F96-4D46-9AEA-9AF337432423}
LoadPhase=611_C=1, {C919172A-3BDF-4547-80F3-96A1E4C111CA}
59=611=1, {4D84009E-54B2-40BB-8E36-392AF19F3FF5}
PosPt=Load.611=1, {F04A56FC-F65E-493E-A82C-B2879CABDA8C}
LoadLoc=652=1, {67408C1F-2EA9-4C45-A98B-66509198B2E8}
LoadPhase=652_A=1, {36F1CD7D-1650-44E3-B075-B7B0EFD57720}
59=652=1, {31823D3F-5BCE-4559-8DD2-4807FABC9B15}
PosPt=Load.652=1, {4BA23AE1-E820-4C90-8F00-D219FAF7902A}
LoadLoc=670a=1, {C1048A7E-D57A-4B49-A384-E61BAA3251C5}
LoadPhase=670a_A=1, {EC7BC5BA-927C-48C9-98CC-85635B2A97F7}
59=670a=1, {5616AD39-6DFC-4B31-856C-A31586097487}
PosPt=Load.670a=1, {9190BE1F-519D-4D38-9FF5-EF09F4AACD5D}
LoadLoc=670b=1, {A5DD53CA-61B1-4C6D-A8D3-274BA8F183DC}
LoadPhase=670b_B=1, {3C27184D-3D08-4342-BA97-D43DF8496E2F}
59=670b=1, {E786EE54-BE77-43D8-B4A7-ABEB01ABEF2B}
PosPt=Load.670b=1, {022220EE-E60D-4E87-854A-C1D2C61CA6B8}
LoadLoc=670c=1, {4BBC62B8-BE36-4A2A-B25A-7FBB5606809B}
LoadPhase=670c_C=1, {1032DD45-CDEF-4046-89E9-8D4E814CACA9}
59=670c=1, {922D3839-BB92-4000-B9E1-2D0ED86380C7}
PosPt=Load.670c=1, {3663E14E-5177-4C27-B430-3F9BD52348E8}
ZData=1=1, {58BE1604-7056-4DDB-B17F-8EA07E989C99}
ZData=1=2, {8548EF2A-E997-409C-AAA7-02E5A4AA3D4D}
ZData=1=3, {668627E3-64FA-4A44-A94A-CF94A67367DC}
ZData=1=4, {668C129F-B24F-4E47-A6A4-7D7106F8B46C}
ZData=1=5, {0B966077-C23A-4931-B568-FCDCEFE77213}
ZData=1=6, {A1024A24-0DBC-45B0-BE6B-3B66F9FF21C3}
ZData=2=1, {59846D3B-364B-43F5-8C09-ECBF4E133D26}
ZData=2=2, {1ED84A6A-3F7B-4716-988E-F5231E63E14A}
ZData=2=3, {F42F86EE-C046-4BC5-92E6-0E5B01AA01A4}
ZData=2=4, {D2716507-1305-4ACA-B5EE-94DB479BD9B0}
ZData=2=5, {751AF89C-7544-4E98-85EB-1D215BAE369F}
ZData=2=6, {0D5CC41B-D153-430D-9F66-D7DE95EB7E68}
ZData=3=1, {A71DB216-04C3-429A-BD28-2E554ABD6F3B}
ZData=3=2, {242994DA-0C50-4C7D-A82F-EA3890C0F725}
ZData=3=3, {32C55FB2-F7A0-411E-90AB-7F1B239133DC}
ZData=3=4, {E1E89774-6C31-471B-AF11-574F79CB0BF4}
ZData=3=5, {BADD7EDB-3E99-48D2-978B-9269BC12B132}
ZData=3=6, {422DF1AD-E5FD-4C20-A0E5-8952D580C205}
ZData=4=1, {F82ACA5B-82C1-44EC-94CF-7CD1EE7F1E7E}
ZData=4=2, {C45E3718-B2B3-444C-BA4B-0C35B5359FAE}
ZData=4=3, {BBB4B27F-42DC-49DE-9F11-CAF6DCD6CD8A}
ZData=4=4, {7B287C3B-F52E-44BE-A6CF-D69EA546F1DE}
ZData=4=5, {215ECEE8-4DB3-4C48-B2F8-15918D0BA966}
ZData=4=6, {1C1E81B0-6E7B-4C8F-B604-AE3DCF3F9487}
ZData=5=1, {EFCCD5A9-F666-40BE-BD73-7FE62B4E4D14}
ZData=5=2, {46E30D55-3A52-4642-944D-2B69C39A29C9}
ZData=5=3, {AD736717-6ACD-48E5-A664-AB9A62427D81}
ZData=5=4, {0F3D0EA0-29A0-4C8A-985F-BB8E114A7CB1}
ZData=5=5, {30E27B52-C38B-4691-A633-07B6C38341AE}
ZData=5=6, {44F5978C-1686-4C4E-A7FD-F1EB80DC0A83}
ZData=6=1, {0849C461-292F-481E-BA46-D2B3598A9A1C}
ZData=6=2, {958CEBD7-BA04-4469-9130-2807283DC2FA}
ZData=6=3, {AD6993C3-E2B9-48C0-92A5-E56A91FC13E2}
ZData=6=4, {D8096DAF-A05B-4111-9E66-33853EDACFFF}
ZData=6=5, {D4C323CA-3A97-4B05-8A27-D631591200BB}
ZData=6=6, {7DF04B7C-CE87-4077-9050-C341DF5D453C}
ZData=7=1, {F80A0D66-0DCC-452E-9395-AD16AB6DFDD9}
ZData=7=2, {1217A2F7-3768-460D-BDAE-329F113441A5}
ZData=7=3, {D113D62A-2E05-401D-AD6D-88D1E8CF0DB8}
ZData=8=1, {CA5CF3AF-B3DC-4119-A277-9A1B28DFBA38}
ZData=8=2, {6B91EE03-7472-4BF3-A95C-29D908FB9991}
ZData=8=3, {0A7A0370-A85E-46DD-955B-E5E046A99176}
ZData=9=1, {A65522AF-0A00-4469-BC23-7FA0347C3F57}
ZData=10=1, {1646BD67-1AFD-4D2D-9DF5-F57FE8DA747E}
ZData=11=1, {7ADE746B-2798-4705-934A-F88246BD294E}
ZData=12=1, {F2BE622E-DA9F-45BC-B651-B0DE2B55E8AF}
ZData=12=2, {5FC097EC-4810-45E9-86EE-AF2CEE690ACA}
ZData=12=3, {4CBAC9D9-0579-4CA3-88D0-6FE75B84CB39}
ZData=12=4, {B820D778-7036-4736-8D21-3F13AD3C439F}
ZData=12=5, {37FA10BD-ACD4-4D9F-B152-4A104545E0F3}
ZData=12=6, {761AE91B-A363-41CC-895B-F5BA5CA0CDF2}
ZData=300=1, {02CB0A73-17F1-4667-AF4B-0C6B6CEDA510}
ZData=300=2, {7DF37488-3271-4E59-BF7D-9CA7EFBB1BCC}
ZData=300=3, {37D357E3-7DC0-4EF5-85EA-D1C5960CDFE6}
ZData=300=4, {2045F02F-3118-4008-AC4D-7238A96F9B17}
ZData=300=5, {6985FBB8-B39D-4F0C-8F37-85246110D77D}
ZData=300=6, {A96799A6-869C-4DC2-AB52-2131220729CB}
ZData=301=1, {51ECCD53-FBB0-4CCC-8258-35C20AA93F7E}
ZData=301=2, {36B41BA5-0FD8-47A3-B8D9-5095D42EE548}
ZData=301=3, {6B3A6558-049A-4016-84D2-295999B784FA}
ZData=301=4, {18C32ED4-5BB5-4B61-A5A7-431565E95247}
ZData=301=5, {93F7E29E-9600-4D4C-B550-B493AD6AA942}
ZData=301=6, {C5328E35-1A9E-45A7-AE5E-492F7EE7DDBF}
ZData=302=1, {E0ABB224-6137-4042-B3EA-0D350EADB50E}
ZData=303=1, {3C1497C3-A192-486D-8CC9-52C85B1E57AB}
ZData=304=1, {F3E909F1-DAFF-4B1D-A8EB-7229E2AA447A}
ZData=400=1, {3759A8D8-BA50-4E2F-98A8-F8B893AA7E83}
ZData=400=2, {44D083E7-DFDA-4322-86DC-C35EB478B820}
ZData=400=3, {59D0B529-AABF-43A3-BAFA-EB07609830E9}
ZData=400=4, {414CD237-8E32-4F62-9E97-3EDE46C590B8}
ZData=400=5, {037B5AF4-1214-4F8F-8B89-ABB2FC00C8E8}
ZData=400=6, {B5E5156B-6846-4831-9D3B-43FCDE28ADB6}
ZData=601=1, {C924C223-5E26-4A6A-A68E-AD80EDE736DF}
ZData=601=2, {91C10AC7-CFE8-4862-B1C8-A36C53C86956}
ZData=601=3, {33CA4032-C35D-49CD-B3CC-4805DFD48A85}
ZData=601=4, {3EB46F3F-2A4B-4438-AEE7-5EF53C77B90C}
ZData=601=5, {E77CD533-D55F-4E7C-92DE-207F8294D465}
ZData=601=6, {E730ED5F-4712-4C3C-8083-6A7418CDC9AC}
ZData=602=1, {D00F0677-7520-4EDC-B4E3-F4BB4AFC47DF}
ZData=602=2, {B2383D21-E90F-49F9-A8D4-8EF7095481C9}
ZData=602=3, {56D855D6-4101-4D83-8AC9-2471587FA52A}
ZData=602=4, {7CF7A5F9-820A-464B-9C14-F995A7176C12}
ZData=602=5, {8F9E9700-6763-47F7-BE9E-C2476827EAC7}
ZData=602=6, {C4F06165-8F52-427E-98D8-5FC06BC45FBB}
ZData=603=1, {2292CE59-9E53-435E-9544-BC91CD61B456}
ZData=603=2, {440D2464-4094-48BD-8072-54FEDBB851F4}
ZData=603=3, {65DA371D-8794-4C76-A988-C7388A3FCE2E}
ZData=604=1, {0FBA3BAC-2F3E-4E9E-8D3E-381661E0833F}
ZData=604=2, {6C838FEE-D899-4A6C-BFD0-89478EEB9325}
ZData=604=3, {62FADD0C-92D6-4104-8B0C-46032642291A}
ZData=605=1, {02AB97E5-2A0E-4437-AFFD-F86C8CDDFCC4}
ZData=606=1, {8D81061C-0365-41FB-B622-0333840C7686}
ZData=606=2, {A5E0CD1D-A191-4199-9FC0-A97C6E93E483}
ZData=606=3, {6612F821-45B5-431D-899A-F53EAB2B07E4}
ZData=606=4, {B224960E-EF09-410C-9B29-45B4900C8BDF}
ZData=606=5, {4E86701A-9C68-4CB3-A2D6-46786FF2C1E7}
ZData=606=6, {17683275-724C-43EA-AF2D-831D222B6CBF}
ZData=607=1, {68A009DD-DFC8-4E68-89EC-C4C758072700}
ZData=721=1, {A07BDF6B-AE87-45B2-A7AD-285B04BFFC45}
ZData=721=2, {CBF59E55-7008-4753-B0F4-85E03602F5E5}
ZData=721=3, {B2C2E153-751B-425D-A167-ADCE4EA77625}
ZData=721=4, {9D3516E5-DA57-4539-9561-5AB07277D49E}
ZData=721=5, {88C499C3-45FF-47CF-8B43-9380CECCCEBF}
ZData=721=6, {12C799E9-6632-433A-A281-6DCBB8093DB9}
ZData=722=1, {955AEBE5-0451-4947-B029-34D48C2604A4}
ZData=722=2, {FC13A1E4-BE52-4CB1-838A-D0E07C1A40E5}
ZData=722=3, {DFE101FC-7F12-4A20-8D37-BCB5190AEDD0}
ZData=722=4, {C27859D7-7DF3-4E62-8C77-26FD8BEC369B}
ZData=722=5, {84911697-0176-487D-9A6F-CD2E79A76281}
ZData=722=6, {B9EF3441-1BC9-48EA-8C59-F6F9DF702503}
ZData=723=1, {0DC3DE54-B0B1-4519-8078-E64FC0579EC3}
ZData=723=2, {96EDE8DF-806A-4F78-8381-5FEB08D4D7F3}
ZData=723=3, {FE7D787F-6FF7-43A0-963E-5BA5F764C010}
ZData=723=4, {FA350321-0123-4AD0-9CAD-2CAF27007B81}
ZData=723=5, {F70A82D6-E374-424E-8E0B-BB5CADDAF818}
ZData=723=6, {28382F4D-4A06-4BC5-9146-7E8A41C41582}
ZData=724=1, {3A492C5D-2ED4-4E54-AF32-FE2E4E070B0A}
ZData=724=2, {2BDD3EF3-6194-4052-949F-E64D7A3174C2}
ZData=724=3, {8AA92E62-CEF1-4F9A-9950-5D452803CF73}
ZData=724=4, {D8B5639C-D009-4F63-91A2-804CD9F4A452}
ZData=724=5, {6C8EB35C-DB21-47D8-AAC8-FB4BF8AA268A}
ZData=724=6, {579B2DD6-C944-4555-8116-A138D0BD422E}
ZData=mtx601=1, {B0210931-8142-4931-B14E-050ACD37E89F}
ZData=mtx601=2, {7700F36D-F663-40C6-98DF-96BDBD551AE0}
ZData=mtx601=3, {1FDCCF97-0ABE-44D1-83D0-2F595F063829}
ZData=mtx601=4, {59B85EA8-E69D-4FFE-8A3A-87A89C8398B0}
ZData=mtx601=5, {15855B07-83B1-468A-A1A1-C16187A50201}
ZData=mtx601=6, {E8543171-E253-4708-908D-9E707ACB53B7}
ZData=mtx602=1, {E6EF1C69-DB2A-4C4C-B7F8-46DA58B3D0FC}
ZData=mtx602=2, {EA6768F1-1248-407C-B7D4-35AB7728E6CB}
ZData=mtx602=3, {ECA24A5A-9A86-45F8-B2D4-F7B4DB051A9B}
ZData=mtx602=4, {5AFF9F8E-C050-4661-A951-FBA96B3379A6}
ZData=mtx602=5, {C28C31B1-1E37-4091-B8E8-E28C8F136520}
ZData=mtx602=6, {12F72421-1086-48D6-9F6A-E8E2AB7199D0}
ZData=mtx603=1, {3A64AC21-7D9C-46CD-A9EB-627586C0A6DC}
ZData=mtx603=2, {998D32FB-2076-476A-B4F0-8731B6A8CC4B}
ZData=mtx603=3, {9E43AB09-AACA-4699-BDA1-72BCB0C4824A}
ZData=mtx604=1, {37EFE7CC-D4CF-4452-8A13-E18766F9E1F1}
ZData=mtx604=2, {B073E685-A252-402E-8AE3-FFD83B7489E7}
ZData=mtx604=3, {373E4521-A10E-47E4-92C3-0DB6251892E1}
ZData=mtx605=1, {5BD6987F-A033-4041-9201-7AAE2A1AD467}
ZData=mtx606=1, {683D1614-5CF1-450F-9F18-D2AA94A291FD}
ZData=mtx606=2, {376FB81A-2393-40A8-9E11-F65F6ACDC57D}
ZData=mtx606=3, {A9A001D7-555B-4E3F-A213-F77590E3CD4A}
ZData=mtx606=4, {892808B1-E063-4998-8376-6CDD78A4CF49}
ZData=mtx606=5, {EEBB05A7-4E06-4773-BA24-8B300D8F2407}
ZData=mtx606=6, {46427E9A-A7C5-439F-BC24-3FBE6323E210}
ZData=mtx607=1, {897714DF-50A6-4C2C-945C-CA26A293CDD7}
NormAmps=OpLimI_112.4_149.9=1, {3573C744-2C2C-4D2B-A97D-74C133E695E3}
EmergAmps=OpLimI_112.4_149.9=1, {D142776D-B302-4E9E-B41F-16176458E942}
NormAmps=OpLimI_56.3_75.0=1, {ECBD346A-6489-41C6-B493-93EE32FC09BF}
EmergAmps=OpLimI_56.3_75.0=1, {97CADE23-5236-421E-AB13-C79D2B63FD10}
NormAmps=OpLimI_27.6_37.7=1, {169A10CD-584E-4DB6-9B88-A183B7071B47}
EmergAmps=OpLimI_27.6_37.7=1, {2B36BE64-1A09-4D31-9699-314634969002}
NormAmps=OpLimI_763.6_1041.3=1, {870A8130-2B5E-4860-96F2-ACAD04155C3B}
EmergAmps=OpLimI_763.6_1041.3=1, {F39A5891-5D92-4555-855A-FA4B852554EB}
NormAmps=OpLimI_76.3_104.1=1, {FF7E2F24-E6E0-46AA-959E-E302D0285E2C}
EmergAmps=OpLimI_76.3_104.1=1, {3C09ADCC-B952-42B9-BC17-D201D7B597ED}
NormAmps=OpLimI_400.0_600.0=1, {3A55E5AB-18D6-4478-8B74-69E1CF73BCBB}
EmergAmps=OpLimI_400.0_600.0=1, {E04EDB05-4C4E-4D81-95CF-E3E997BB8275}
